geo_value,time_value,value,stderr
ak,2022-05-01,17.2611123,3.0959654
al,2022-05-01,18.0684563,1.4220701
ar,2022-05-01,20.1153496,1.8089543
az,2022-05-01,13.8974917,1.1167921
ca,2022-05-01,13.6121354,0.5178464
co,2022-05-01,15.0429243,1.1508257
ct,2022-05-01,11.5728227,1.1688846
de,2022-05-01,15.0172014,2.4770134
fl,2022-05-01,13.6960393,0.5932975
ga,2022-05-01,13.0120479,0.9385448
hi,2022-05-01,12.2474369,2.2896842
ia,2022-05-01,12.3430364,1.2363996
id,2022-05-01,16.8570904,2.0766139
il,2022-05-01,14.554909,0.7697365
in,2022-05-01,15.2896798,1.0826451
ks,2022-05-01,16.696596,1.6169661
ky,2022-05-01,14.0993809,1.2698738
la,2022-05-01,16.3201936,1.5344722
ma,2022-05-01,12.7759067,1.0262911
md,2022-05-01,18.4455709,1.3326872
me,2022-05-01,16.7579898,1.8159842
mi,2022-05-01,14.8087725,0.7640639
mn,2022-05-01,13.9254087,1.1298201
mo,2022-05-01,17.157131,1.1934323
ms,2022-05-01,15.4054893,1.7707625
mt,2022-05-01,21.0483833,2.5731118
nc,2022-05-01,14.2004597,0.8843205
nd,2022-05-01,16.9725435,3.5155744
ne,2022-05-01,11.5404623,1.7211283
nh,2022-05-01,16.4779764,2.1599387
nj,2022-05-01,13.5232182,1.0296796
nm,2022-05-01,21.7405422,2.0088532
nv,2022-05-01,11.2362777,1.646455
ny,2022-05-01,15.9297789,0.6958247
oh,2022-05-01,18.461995,0.8634777
ok,2022-05-01,17.8542292,1.6039996
or,2022-05-01,15.6918201,1.2374098
pa,2022-05-01,14.490232,0.7499602
ri,2022-05-01,16.0257604,2.6898619
sc,2022-05-01,11.5093759,1.0649675
sd,2022-05-01,10.4126796,2.1954108
tn,2022-05-01,15.3684464,1.0894012
tx,2022-05-01,13.9194125,0.6135423
ut,2022-05-01,16.3674279,1.6463843
va,2022-05-01,13.4776426,0.9124201
vt,2022-05-01,14.8189549,2.6408304
wa,2022-05-01,15.4761101,0.9243443
wi,2022-05-01,15.3561575,1.0782458
wv,2022-05-01,16.0073651,1.7953967
wy,2022-05-01,8.1991241,2.6396944
ak,2022-05-02,15.9191634,2.9198383
al,2022-05-02,16.7670825,1.3931638
ar,2022-05-02,19.9945282,1.7832081
az,2022-05-02,13.7701562,1.1084494
ca,2022-05-02,14.0450812,0.52434
co,2022-05-02,15.4876475,1.1762908
ct,2022-05-02,11.4929421,1.1622701
de,2022-05-02,9.1828572,2.026865
fl,2022-05-02,12.9158238,0.5774608
ga,2022-05-02,13.8309401,0.9571214
hi,2022-05-02,10.870951,2.1740347
ia,2022-05-02,12.2560645,1.2477225
id,2022-05-02,16.2446425,2.0213094
il,2022-05-02,13.4136966,0.7479716
in,2022-05-02,16.7682559,1.1269108
ks,2022-05-02,18.3177506,1.6931682
ky,2022-05-02,14.5926441,1.3039011
la,2022-05-02,16.7657456,1.5263323
ma,2022-05-02,12.3587751,1.0108537
md,2022-05-02,17.348098,1.294999
me,2022-05-02,15.6569177,1.7668826
mi,2022-05-02,13.8581489,0.7446254
mn,2022-05-02,15.0573772,1.1702125
mo,2022-05-02,15.7305345,1.1654586
ms,2022-05-02,16.2032224,1.8313774
mt,2022-05-02,21.4518182,2.6333192
nc,2022-05-02,15.3654954,0.9063718
nd,2022-05-02,18.7912828,3.5961561
ne,2022-05-02,12.2933747,1.757724
nh,2022-05-02,14.1597919,2.065149
nj,2022-05-02,9.8885911,0.9100202
nm,2022-05-02,23.5609865,2.0333194
nv,2022-05-02,11.2103478,1.6817222
ny,2022-05-02,15.5301419,0.6901708
oh,2022-05-02,17.8081289,0.8613108
ok,2022-05-02,18.2449909,1.6076748
or,2022-05-02,14.7102706,1.2050379
pa,2022-05-02,13.8544926,0.7372171
ri,2022-05-02,14.6738464,2.6522065
sc,2022-05-02,10.5151555,1.0236332
sd,2022-05-02,10.5164576,2.2726946
tn,2022-05-02,15.9107429,1.121391
tx,2022-05-02,14.288533,0.6250205
ut,2022-05-02,16.2717157,1.6623681
va,2022-05-02,13.7495261,0.9165065
vt,2022-05-02,13.1660978,2.5063229
wa,2022-05-02,14.9826194,0.9230557
wi,2022-05-02,14.8580134,1.0511126
wv,2022-05-02,15.4005824,1.7631669
wy,2022-05-02,10.5842331,2.9598424
ak,2022-05-03,19.2656297,3.0890649
al,2022-05-03,17.2991524,1.4265245
ar,2022-05-03,20.7265147,1.8330512
az,2022-05-03,14.0307988,1.1212666
ca,2022-05-03,13.8321778,0.5248335
co,2022-05-03,14.6328,1.1564945
ct,2022-05-03,12.7072229,1.2210347
dc,2022-05-03,14.3049453,3.466737
de,2022-05-03,9.5042281,2.053324
fl,2022-05-03,12.243876,0.5636525
ga,2022-05-03,13.8737412,0.9631884
hi,2022-05-03,10.7252039,2.1935153
ia,2022-05-03,13.1446906,1.2745811
id,2022-05-03,14.1275994,1.9379969
il,2022-05-03,13.2901666,0.7475754
in,2022-05-03,17.5881056,1.1468683
ks,2022-05-03,18.3937279,1.6720749
ky,2022-05-03,15.2784286,1.3501702
la,2022-05-03,18.0276757,1.5772858
ma,2022-05-03,13.2231077,1.0312342
md,2022-05-03,18.4113956,1.3333061
me,2022-05-03,12.5770945,1.6028058
mi,2022-05-03,13.1793099,0.7258187
mn,2022-05-03,15.4666115,1.2005971
mo,2022-05-03,15.5970876,1.1508157
ms,2022-05-03,17.3452856,1.8643297
mt,2022-05-03,20.3154166,2.5447846
nc,2022-05-03,15.4381329,0.9075486
nd,2022-05-03,16.9103149,3.3659968
ne,2022-05-03,10.4245709,1.6195349
nh,2022-05-03,11.2970786,1.8556905
nj,2022-05-03,9.7498398,0.9158726
nm,2022-05-03,20.3740477,1.9523573
nv,2022-05-03,14.2102939,1.8558897
ny,2022-05-03,15.0374758,0.6730953
oh,2022-05-03,17.0980792,0.8671617
ok,2022-05-03,18.8450201,1.6524096
or,2022-05-03,15.3515818,1.2117507
pa,2022-05-03,13.9851896,0.7447165
ri,2022-05-03,14.7226995,2.6265128
sc,2022-05-03,9.8080889,0.9908627
sd,2022-05-03,9.5751991,2.2108161
tn,2022-05-03,15.3612684,1.1143903
tx,2022-05-03,15.1048232,0.6382368
ut,2022-05-03,16.9909517,1.7249647
va,2022-05-03,14.0363775,0.9171505
vt,2022-05-03,14.4193655,2.6404242
wa,2022-05-03,15.2699181,0.9340441
wi,2022-05-03,14.6834799,1.0482826
wv,2022-05-03,15.8275282,1.7936546
wy,2022-05-03,8.9219037,2.6812893
ak,2022-05-04,18.8876838,3.1438868
al,2022-05-04,19.1524737,1.5023542
ar,2022-05-04,20.4477027,1.8276209
az,2022-05-04,14.6371267,1.1364635
ca,2022-05-04,13.5414504,0.523563
co,2022-05-04,15.7086027,1.1875047
ct,2022-05-04,13.9140656,1.2562389
dc,2022-05-04,14.2890162,3.3991198
de,2022-05-04,9.4897431,1.9941106
fl,2022-05-04,13.0593406,0.5816492
ga,2022-05-04,13.7717862,0.9576125
hi,2022-05-04,10.840697,2.27348
ia,2022-05-04,14.476239,1.3465767
id,2022-05-04,13.6805553,1.9270181
il,2022-05-04,13.3871727,0.7507899
in,2022-05-04,17.241514,1.1302312
ks,2022-05-04,18.6401053,1.6806937
ky,2022-05-04,16.1912184,1.3885931
la,2022-05-04,18.2703977,1.5868521
ma,2022-05-04,13.9954377,1.0484462
md,2022-05-04,16.6188524,1.2798214
me,2022-05-04,12.4467583,1.5666528
mi,2022-05-04,12.6501535,0.7103248
mn,2022-05-04,15.3009525,1.1887409
mo,2022-05-04,15.6206432,1.1492138
ms,2022-05-04,16.7459619,1.8565594
mt,2022-05-04,22.1116448,2.6901741
nc,2022-05-04,15.0115962,0.8988804
nd,2022-05-04,13.9376864,3.1614838
ne,2022-05-04,10.621336,1.6468882
nh,2022-05-04,12.4428563,1.8716543
nj,2022-05-04,10.6929494,0.9377279
nm,2022-05-04,21.6011762,2.0185968
nv,2022-05-04,14.795898,1.8738166
ny,2022-05-04,15.3549304,0.6844969
oh,2022-05-04,17.2493762,0.8795771
ok,2022-05-04,18.9827329,1.6555515
or,2022-05-04,15.7574706,1.245292
pa,2022-05-04,14.5261511,0.7640259
ri,2022-05-04,14.0478969,2.5143271
sc,2022-05-04,9.3645456,0.9793108
sd,2022-05-04,9.4341762,2.2218391
tn,2022-05-04,15.0838294,1.1254388
tx,2022-05-04,15.02006,0.6375718
ut,2022-05-04,17.5644439,1.7647887
va,2022-05-04,13.5612089,0.899027
vt,2022-05-04,13.5884831,2.5261662
wa,2022-05-04,15.9194314,0.9574935
wi,2022-05-04,13.8999695,1.0407038
wv,2022-05-04,15.4609244,1.8258917
wy,2022-05-04,9.9848559,2.7596442
ak,2022-05-05,14.2540526,2.7053144
al,2022-05-05,17.4603573,1.4536348
ar,2022-05-05,20.4509406,1.8147206
az,2022-05-05,13.8490902,1.1002852
ca,2022-05-05,14.026619,0.5324194
co,2022-05-05,15.2074756,1.1807136
ct,2022-05-05,13.716029,1.2603789
dc,2022-05-05,14.7524741,3.5462824
de,2022-05-05,8.4282345,1.9216574
fl,2022-05-05,13.287573,0.5875169
ga,2022-05-05,13.7343924,0.967411
hi,2022-05-05,9.9480122,2.1488888
ia,2022-05-05,15.0546803,1.371448
id,2022-05-05,12.4794177,1.8561636
il,2022-05-05,12.8976249,0.7411792
in,2022-05-05,17.9048222,1.1461165
ks,2022-05-05,16.5484902,1.6023287
ky,2022-05-05,14.4728337,1.3367197
la,2022-05-05,16.9933581,1.5568067
ma,2022-05-05,13.7602871,1.0545918
md,2022-05-05,15.1754651,1.207401
me,2022-05-05,14.115834,1.654276
mi,2022-05-05,13.5929331,0.7355317
mn,2022-05-05,14.6158364,1.1671487
mo,2022-05-05,16.2601539,1.1751407
ms,2022-05-05,14.1114937,1.7267678
mt,2022-05-05,19.9663212,2.6710705
nc,2022-05-05,14.5486204,0.8890082
nd,2022-05-05,13.6805349,3.1904794
ne,2022-05-05,10.6391376,1.6183176
nh,2022-05-05,12.4568217,1.8695517
nj,2022-05-05,10.3783761,0.9284541
nm,2022-05-05,20.6524031,2.0078134
nv,2022-05-05,15.9053364,1.9222532
ny,2022-05-05,15.4984656,0.6785968
oh,2022-05-05,16.3039529,0.8621092
ok,2022-05-05,18.3189471,1.6286491
or,2022-05-05,16.1600728,1.2457737
pa,2022-05-05,15.2521222,0.7821315
ri,2022-05-05,13.2518316,2.41568
sc,2022-05-05,10.4987745,1.0386626
sd,2022-05-05,9.3690644,2.1602807
tn,2022-05-05,15.2122481,1.1447503
tx,2022-05-05,15.1132637,0.6436182
ut,2022-05-05,16.2839193,1.688937
va,2022-05-05,12.8930207,0.8788901
vt,2022-05-05,12.6772204,2.4011794
wa,2022-05-05,18.408107,1.0073901
wi,2022-05-05,13.6228065,1.0282171
wv,2022-05-05,15.6260451,1.8385184
wy,2022-05-05,10.4197302,2.7658584
ak,2022-05-06,14.7159561,2.7579486
al,2022-05-06,16.3857172,1.4194221
ar,2022-05-06,20.5058394,1.8409119
az,2022-05-06,14.7311857,1.1160128
ca,2022-05-06,14.4183322,0.5374984
co,2022-05-06,13.8652649,1.1487803
ct,2022-05-06,14.8105029,1.301367
de,2022-05-06,9.4893569,2.0671414
fl,2022-05-06,13.0436052,0.5791123
ga,2022-05-06,13.5940423,0.9689939
hi,2022-05-06,11.6515564,2.3525288
ia,2022-05-06,15.7708108,1.4070563
id,2022-05-06,10.0543024,1.6836992
il,2022-05-06,12.6376934,0.7275097
in,2022-05-06,17.8607707,1.1399308
ks,2022-05-06,13.9336769,1.4987378
ky,2022-05-06,15.9537545,1.3822902
la,2022-05-06,18.5488757,1.5789603
ma,2022-05-06,14.3034758,1.0773823
md,2022-05-06,13.207161,1.12919
me,2022-05-06,12.5468456,1.5720398
mi,2022-05-06,14.0343236,0.7423958
mn,2022-05-06,14.142526,1.141969
mo,2022-05-06,15.7932244,1.167304
ms,2022-05-06,11.4158211,1.5788843
mt,2022-05-06,20.5914881,2.7028198
nc,2022-05-06,14.2135119,0.8812721
nd,2022-05-06,13.8524912,3.1255732
ne,2022-05-06,11.0788052,1.6429837
nh,2022-05-06,12.3003392,1.7971498
nj,2022-05-06,11.6888374,0.9753908
nm,2022-05-06,18.4446892,1.9284305
nv,2022-05-06,15.3539629,1.8571042
ny,2022-05-06,13.4557397,0.6419287
oh,2022-05-06,15.2508214,0.8342727
ok,2022-05-06,18.1896295,1.6170237
or,2022-05-06,17.3168812,1.2769059
pa,2022-05-06,15.7097182,0.7833343
ri,2022-05-06,12.0543822,2.3437123
sc,2022-05-06,9.9839252,1.0240473
sd,2022-05-06,10.6820709,2.2588542
tn,2022-05-06,14.9795618,1.1369417
tx,2022-05-06,14.9223985,0.6492312
ut,2022-05-06,16.7365311,1.6987499
va,2022-05-06,13.1316473,0.8807581
vt,2022-05-06,12.9755501,2.3702004
wa,2022-05-06,16.6919839,0.9647673
wi,2022-05-06,13.9353955,1.0334314
wv,2022-05-06,15.5021046,1.8372731
wy,2022-05-06,10.9460408,2.8265689
ak,2022-05-07,14.0664154,2.7572403
al,2022-05-07,16.6436996,1.4283555
ar,2022-05-07,18.3840826,1.792459
az,2022-05-07,14.8639988,1.1072538
ca,2022-05-07,15.4646683,0.5538989
co,2022-05-07,13.4935223,1.1426846
ct,2022-05-07,14.8725632,1.2966722
de,2022-05-07,9.128206,1.9596585
fl,2022-05-07,13.0645322,0.5865739
ga,2022-05-07,13.8892225,0.9897185
hi,2022-05-07,11.1223939,2.32418
ia,2022-05-07,15.9870377,1.4244002
id,2022-05-07,9.7183854,1.6430186
il,2022-05-07,12.8696542,0.7319535
in,2022-05-07,18.4272002,1.1554022
ks,2022-05-07,13.70888,1.4734374
ky,2022-05-07,15.92209,1.3831452
la,2022-05-07,19.2359596,1.5829614
ma,2022-05-07,14.8043649,1.0756959
md,2022-05-07,12.0653656,1.0899954
me,2022-05-07,13.1224763,1.6170311
mi,2022-05-07,14.3962156,0.7513527
mn,2022-05-07,14.9399894,1.1474972
mo,2022-05-07,16.3653291,1.1884849
ms,2022-05-07,10.7647844,1.5164931
mt,2022-05-07,21.2763074,2.7858197
nc,2022-05-07,14.7781452,0.8885969
nd,2022-05-07,15.1331766,3.1906693
ne,2022-05-07,12.6220024,1.7455961
nh,2022-05-07,10.6452096,1.6901059
nj,2022-05-07,12.3359491,0.9892726
nm,2022-05-07,16.291999,1.8308507
nv,2022-05-07,17.5507005,1.9389721
ny,2022-05-07,13.3537904,0.6399821
oh,2022-05-07,13.307237,0.7883988
ok,2022-05-07,18.8848697,1.6478754
or,2022-05-07,17.4423826,1.2697522
pa,2022-05-07,15.4430919,0.7653967
ri,2022-05-07,17.4790367,2.6990609
sc,2022-05-07,9.4880498,0.9790101
sd,2022-05-07,9.2891597,2.1343119
tn,2022-05-07,15.1897851,1.148149
tx,2022-05-07,14.2673916,0.6414277
ut,2022-05-07,17.3349027,1.7444377
va,2022-05-07,12.2718631,0.84542
vt,2022-05-07,11.8156345,2.3235136
wa,2022-05-07,17.2451472,0.9829708
wi,2022-05-07,14.4311967,1.043063
wv,2022-05-07,15.4790083,1.8702017
wy,2022-05-07,9.6991083,2.6794602
ak,2022-05-08,13.9700339,2.7237428
al,2022-05-08,17.3740922,1.5000135
ar,2022-05-08,17.1803683,1.738089
az,2022-05-08,15.4645266,1.1297332
ca,2022-05-08,15.4488479,0.5535368
co,2022-05-08,12.778116,1.1128399
ct,2022-05-08,16.7244016,1.3431531
de,2022-05-08,9.3280072,1.943153
fl,2022-05-08,12.8776682,0.5921182
ga,2022-05-08,13.7685372,0.9922131
hi,2022-05-08,10.0129011,2.2189348
ia,2022-05-08,17.4804859,1.487526
id,2022-05-08,9.2194107,1.5829554
il,2022-05-08,12.4497909,0.7286396
in,2022-05-08,17.3519605,1.1346136
ks,2022-05-08,13.2529694,1.4407022
ky,2022-05-08,17.0261607,1.4198699
la,2022-05-08,18.3946406,1.5635834
ma,2022-05-08,14.6507513,1.0785114
md,2022-05-08,11.8473135,1.0838694
me,2022-05-08,14.5520692,1.6868343
mi,2022-05-08,14.5199424,0.759088
mn,2022-05-08,15.0479192,1.1479646
mo,2022-05-08,15.6744983,1.1839287
ms,2022-05-08,12.4236949,1.6136069
mt,2022-05-08,16.3834217,2.5673951
nc,2022-05-08,14.0803177,0.8733747
nd,2022-05-08,12.8409874,3.0393766
ne,2022-05-08,10.7047938,1.6318826
nh,2022-05-08,11.8943753,1.7353338
nj,2022-05-08,12.7737746,0.9921105
nm,2022-05-08,16.0177336,1.8298838
nv,2022-05-08,15.7533064,1.8715887
ny,2022-05-08,13.7985605,0.6537587
oh,2022-05-08,12.7277415,0.775077
ok,2022-05-08,17.5856467,1.6143529
or,2022-05-08,16.9200545,1.2602015
pa,2022-05-08,15.0691113,0.7545334
ri,2022-05-08,19.9400782,2.811251
sc,2022-05-08,10.6306813,1.0308743
sd,2022-05-08,10.6662822,2.3878414
tn,2022-05-08,14.6637968,1.1339056
tx,2022-05-08,14.4987648,0.6581377
ut,2022-05-08,16.534691,1.7341633
va,2022-05-08,12.5184911,0.8536884
vt,2022-05-08,12.8586559,2.3610847
wa,2022-05-08,17.7603672,0.9985011
wi,2022-05-08,13.9427812,1.0309106
wv,2022-05-08,16.1706925,1.8572274
wy,2022-05-08,11.3744249,2.9608235
ak,2022-05-09,12.9896427,2.7449754
al,2022-05-09,17.3942709,1.4948488
ar,2022-05-09,16.362585,1.7323816
az,2022-05-09,15.0883623,1.1145865
ca,2022-05-09,15.0836861,0.5460227
co,2022-05-09,13.3045983,1.1203373
ct,2022-05-09,17.6022962,1.353255
de,2022-05-09,10.4123316,2.0182751
fl,2022-05-09,13.0191706,0.5925686
ga,2022-05-09,13.5616716,1.0122754
hi,2022-05-09,11.1269574,2.2635734
ia,2022-05-09,16.7533268,1.457083
id,2022-05-09,10.8382798,1.6711885
il,2022-05-09,13.0413036,0.7403455
in,2022-05-09,15.1363164,1.0801335
ks,2022-05-09,12.5361457,1.4107286
ky,2022-05-09,16.8825217,1.4070825
la,2022-05-09,17.2415218,1.5332036
ma,2022-05-09,14.4117868,1.0623192
md,2022-05-09,11.1517628,1.0551186
me,2022-05-09,15.1436542,1.6659694
mi,2022-05-09,15.7111966,0.7859181
mn,2022-05-09,14.6942186,1.1373383
mo,2022-05-09,15.8239777,1.1891363
ms,2022-05-09,11.3575893,1.5753107
mt,2022-05-09,16.157216,2.5717928
nc,2022-05-09,13.2095992,0.8480786
nd,2022-05-09,10.5969675,2.6977858
ne,2022-05-09,11.0982922,1.6487787
nh,2022-05-09,10.9491124,1.6786901
nj,2022-05-09,12.0905484,0.973729
nm,2022-05-09,13.8186039,1.7662726
nv,2022-05-09,14.8441494,1.8291082
ny,2022-05-09,13.7939225,0.6529629
oh,2022-05-09,13.4736221,0.7841458
ok,2022-05-09,17.4218353,1.6013121
or,2022-05-09,17.4651642,1.2696946
pa,2022-05-09,15.0633502,0.7593284
ri,2022-05-09,18.2371088,2.6093842
sc,2022-05-09,13.3064593,1.1541585
sd,2022-05-09,9.5871635,2.2774631
tn,2022-05-09,14.9079596,1.139331
tx,2022-05-09,14.147284,0.6548875
ut,2022-05-09,17.4665802,1.7571387
va,2022-05-09,12.3949575,0.8529806
vt,2022-05-09,13.1629052,2.3330205
wa,2022-05-09,17.8220628,0.9884543
wi,2022-05-09,13.4588338,1.0139108
wv,2022-05-09,16.6146882,1.8337557
wy,2022-05-09,11.8215383,3.0784715
ak,2022-05-10,8.0276939,2.2185964
al,2022-05-10,15.7640088,1.4270893
ar,2022-05-10,14.4598518,1.6309724
az,2022-05-10,14.3789501,1.0730721
ca,2022-05-10,14.8533151,0.5390075
co,2022-05-10,12.8264498,1.1159106
ct,2022-05-10,15.9707276,1.3017125
de,2022-05-10,10.1354968,1.9814021
fl,2022-05-10,13.7402024,0.6062279
ga,2022-05-10,12.448273,0.9688857
hi,2022-05-10,11.4842055,2.2949975
ia,2022-05-10,16.0063229,1.4306036
id,2022-05-10,11.480395,1.7187509
il,2022-05-10,13.727666,0.7504334
in,2022-05-10,14.0819877,1.0430902
ks,2022-05-10,12.8521626,1.4322173
ky,2022-05-10,16.0338858,1.357339
la,2022-05-10,15.3565891,1.4718665
ma,2022-05-10,13.2993743,1.0219779
md,2022-05-10,9.9641797,0.9989615
me,2022-05-10,16.8039825,1.7302105
mi,2022-05-10,15.8062416,0.7964374
mn,2022-05-10,13.5187295,1.0774965
mo,2022-05-10,14.6967197,1.1604338
ms,2022-05-10,12.9615074,1.6675855
mt,2022-05-10,13.9010953,2.4473258
nc,2022-05-10,13.9826958,0.8664763
nd,2022-05-10,15.0386137,3.1824173
ne,2022-05-10,12.0213169,1.6956346
nh,2022-05-10,12.5422729,1.724146
nj,2022-05-10,12.8085508,0.9923858
nm,2022-05-10,14.1873836,1.7647723
nv,2022-05-10,12.360224,1.7045554
ny,2022-05-10,14.1003273,0.6628144
oh,2022-05-10,13.2922187,0.7616026
ok,2022-05-10,17.0112654,1.580715
or,2022-05-10,16.5017238,1.2399738
pa,2022-05-10,15.0026728,0.758239
ri,2022-05-10,18.5858917,2.5818556
sc,2022-05-10,14.1403974,1.1833559
sd,2022-05-10,8.876711,2.199234
tn,2022-05-10,14.2814408,1.1046332
tx,2022-05-10,13.9333064,0.649123
ut,2022-05-10,18.5339581,1.7756163
va,2022-05-10,12.6968696,0.870412
vt,2022-05-10,11.9850011,2.2306377
wa,2022-05-10,17.0560733,0.9618976
wi,2022-05-10,13.7845136,1.0314814
wv,2022-05-10,16.464626,1.7926213
wy,2022-05-10,14.2550061,3.3487844
ak,2022-05-11,5.9883773,1.9373127
al,2022-05-11,12.1500085,1.2697659
ar,2022-05-11,15.5039976,1.7005809
az,2022-05-11,14.3151713,1.0681179
ca,2022-05-11,14.6824475,0.533199
co,2022-05-11,12.6049986,1.1132328
ct,2022-05-11,15.3771696,1.2574249
de,2022-05-11,11.5195098,2.1097112
fl,2022-05-11,13.3094529,0.5944624
ga,2022-05-11,11.171704,0.9249277
hi,2022-05-11,11.2237181,2.2209622
ia,2022-05-11,17.4562379,1.4676982
id,2022-05-11,11.5683098,1.7071585
il,2022-05-11,13.673854,0.7413056
in,2022-05-11,13.6653698,1.0245195
ks,2022-05-11,13.2419352,1.4491914
ky,2022-05-11,16.5108432,1.3694286
la,2022-05-11,16.1407953,1.493288
ma,2022-05-11,12.3399292,0.9925568
md,2022-05-11,11.082887,1.0412077
me,2022-05-11,18.1144484,1.786034
mi,2022-05-11,16.4281915,0.8099167
mn,2022-05-11,12.8830003,1.0510291
mo,2022-05-11,14.8218566,1.1626368
ms,2022-05-11,13.5905958,1.7102135
mt,2022-05-11,15.4282207,2.4761653
nc,2022-05-11,13.2320698,0.8439381
nd,2022-05-11,17.3881347,3.3724073
ne,2022-05-11,9.3144642,1.5650782
nh,2022-05-11,11.615311,1.7077827
nj,2022-05-11,13.9290783,1.0268554
nm,2022-05-11,16.0652689,1.8361562
nv,2022-05-11,12.5857918,1.7066683
ny,2022-05-11,14.0008482,0.6595401
oh,2022-05-11,14.6243096,0.7848337
ok,2022-05-11,17.2936557,1.5868598
or,2022-05-11,18.0266582,1.258397
pa,2022-05-11,14.9494216,0.7528979
ri,2022-05-11,16.1774401,2.4659618
sc,2022-05-11,15.1271781,1.1990502
sd,2022-05-11,10.030549,2.2636865
tn,2022-05-11,14.4136298,1.1107112
tx,2022-05-11,13.4232726,0.6344629
ut,2022-05-11,17.8210683,1.7540479
va,2022-05-11,13.7415633,0.9032268
vt,2022-05-11,11.4783312,2.2263166
wa,2022-05-11,16.16235,0.929311
wi,2022-05-11,13.8607932,1.0193755
wv,2022-05-11,15.7922508,1.7836487
wy,2022-05-11,11.9813958,3.0023748
ak,2022-05-12,6.3363303,2.1124122
al,2022-05-12,13.1038389,1.3007238
ar,2022-05-12,16.6465052,1.7599111
az,2022-05-12,14.6316854,1.083422
ca,2022-05-12,14.2890439,0.5222091
co,2022-05-12,12.2319478,1.0826537
ct,2022-05-12,16.3956382,1.2581131
de,2022-05-12,14.1821873,2.3520632
fl,2022-05-12,13.1991196,0.5892201
ga,2022-05-12,11.4687636,0.9307745
hi,2022-05-12,11.8370732,2.2399251
ia,2022-05-12,18.525225,1.5066596
id,2022-05-12,12.4149986,1.7550492
il,2022-05-12,14.3710603,0.7501153
in,2022-05-12,12.1861644,0.9757339
ks,2022-05-12,13.4910475,1.4797154
ky,2022-05-12,17.9285468,1.4107131
la,2022-05-12,16.3047314,1.4956928
ma,2022-05-12,13.0554543,0.9978475
md,2022-05-12,11.2671888,1.0610689
me,2022-05-12,15.4833646,1.6598046
mi,2022-05-12,15.820839,0.7896173
mn,2022-05-12,12.5939688,1.0268104
mo,2022-05-12,15.1926758,1.1713948
ms,2022-05-12,13.5487412,1.7319584
mt,2022-05-12,13.7577026,2.2673905
nc,2022-05-12,13.5395772,0.8446106
nd,2022-05-12,16.3751306,3.2669505
ne,2022-05-12,8.7373583,1.4990638
nh,2022-05-12,11.030389,1.6792936
nj,2022-05-12,14.6302462,1.0569563
nm,2022-05-12,14.9225686,1.7555146
nv,2022-05-12,14.1838388,1.7786
ny,2022-05-12,13.8199737,0.6583375
oh,2022-05-12,15.0296777,0.7898592
ok,2022-05-12,19.5701805,1.6459546
or,2022-05-12,18.1175855,1.2656214
pa,2022-05-12,14.2376666,0.7295766
ri,2022-05-12,18.019165,2.5566552
sc,2022-05-12,16.6527717,1.2302801
sd,2022-05-12,10.1527973,2.322838
tn,2022-05-12,15.1007173,1.1191244
tx,2022-05-12,12.871328,0.6208979
ut,2022-05-12,17.5020437,1.7471621
va,2022-05-12,13.8459092,0.8938082
vt,2022-05-12,10.3199758,2.1511569
wa,2022-05-12,15.6137718,0.9066173
wi,2022-05-12,13.7899756,1.02299
wv,2022-05-12,14.4826626,1.6834878
wy,2022-05-12,13.3594816,3.0430385
ak,2022-05-13,6.6307295,2.0807247
al,2022-05-13,12.6510245,1.2871281
ar,2022-05-13,16.9239976,1.7407617
az,2022-05-13,14.5837129,1.0959411
ca,2022-05-13,14.3630479,0.5217097
co,2022-05-13,13.7371665,1.1300755
ct,2022-05-13,17.9174245,1.3100047
de,2022-05-13,13.6945256,2.2970405
fl,2022-05-13,12.3178463,0.5697661
ga,2022-05-13,11.4344766,0.9205728
hi,2022-05-13,10.8496176,2.092053
ia,2022-05-13,17.9756603,1.4650988
id,2022-05-13,13.741157,1.8069386
il,2022-05-13,14.6266501,0.7585801
in,2022-05-13,11.3322727,0.9471784
ks,2022-05-13,12.1563241,1.3984555
ky,2022-05-13,17.4206746,1.3908319
la,2022-05-13,16.1485996,1.4972839
ma,2022-05-13,14.0746788,1.0166848
md,2022-05-13,13.2400049,1.1329022
me,2022-05-13,18.7497571,1.7741383
mi,2022-05-13,15.4304271,0.779615
mn,2022-05-13,13.1195751,1.046842
mo,2022-05-13,14.2497689,1.1341237
ms,2022-05-13,15.6863222,1.8431723
mt,2022-05-13,15.0571028,2.3136905
nc,2022-05-13,13.3574255,0.8299883
nd,2022-05-13,20.0927986,3.4602375
ne,2022-05-13,9.0965913,1.5221267
nh,2022-05-13,12.530497,1.767091
nj,2022-05-13,14.018591,1.0346308
nm,2022-05-13,15.5292839,1.822449
nv,2022-05-13,14.3658184,1.7694408
ny,2022-05-13,13.7353247,0.6566404
oh,2022-05-13,15.7369026,0.8090192
ok,2022-05-13,20.8503692,1.6970863
or,2022-05-13,16.8702833,1.214998
pa,2022-05-13,14.5184505,0.7361706
ri,2022-05-13,18.5898028,2.5651674
sc,2022-05-13,16.0769607,1.1999764
sd,2022-05-13,8.7931451,2.2388629
tn,2022-05-13,16.1500487,1.1442238
tx,2022-05-13,12.8845508,0.6152757
ut,2022-05-13,17.0803803,1.7623522
va,2022-05-13,13.361298,0.8705958
vt,2022-05-13,14.895635,2.5628705
wa,2022-05-13,15.2852982,0.8973762
wi,2022-05-13,13.3182701,1.0239856
wv,2022-05-13,14.519461,1.6738116
wy,2022-05-13,17.5161336,3.3596738
ak,2022-05-14,7.0813098,2.0537427
al,2022-05-14,14.4110481,1.3691043
ar,2022-05-14,16.6597843,1.7507416
az,2022-05-14,14.5276331,1.094532
ca,2022-05-14,13.4598635,0.504414
co,2022-05-14,14.1592735,1.1252399
ct,2022-05-14,17.6653279,1.2989684
de,2022-05-14,13.4912017,2.2980492
fl,2022-05-14,12.9777128,0.5804466
ga,2022-05-14,11.5011753,0.9221348
hi,2022-05-14,13.144748,2.2135851
ia,2022-05-14,17.057719,1.4467955
id,2022-05-14,13.7368406,1.819295
il,2022-05-14,14.6599325,0.7608742
in,2022-05-14,11.455006,0.9529116
ks,2022-05-14,13.8357826,1.4682211
ky,2022-05-14,16.5535712,1.3466759
la,2022-05-14,16.2040958,1.4858887
ma,2022-05-14,13.8057411,1.0132741
md,2022-05-14,13.4664011,1.1560059
me,2022-05-14,18.4991347,1.7523307
mi,2022-05-14,15.0723862,0.7661041
mn,2022-05-14,12.7043436,1.0406408
mo,2022-05-14,13.4379174,1.1171786
ms,2022-05-14,14.6283194,1.8101675
mt,2022-05-14,15.9444719,2.3064628
nc,2022-05-14,12.3879565,0.8068885
nd,2022-05-14,18.7642808,3.371569
ne,2022-05-14,9.2599443,1.5112408
nh,2022-05-14,12.1063927,1.7337417
nj,2022-05-14,13.9626207,1.022509
nm,2022-05-14,16.2654318,1.8302788
nv,2022-05-14,12.5425992,1.6730019
ny,2022-05-14,14.3549411,0.6666928
oh,2022-05-14,15.5810841,0.8093513
ok,2022-05-14,18.7442889,1.6067021
or,2022-05-14,16.7622972,1.2215725
pa,2022-05-14,13.7300062,0.7317666
ri,2022-05-14,15.0657869,2.3434794
sc,2022-05-14,18.4155558,1.280004
sd,2022-05-14,9.6346505,2.3548294
tn,2022-05-14,16.0147632,1.1310826
tx,2022-05-14,13.1633967,0.61249
ut,2022-05-14,18.9653127,1.8258402
va,2022-05-14,14.3867031,0.8901421
vt,2022-05-14,14.5692556,2.476154
wa,2022-05-14,15.0513955,0.8873083
wi,2022-05-14,12.7637583,1.0107049
wv,2022-05-14,15.1836661,1.714709
wy,2022-05-14,17.0943243,3.2891294
ak,2022-05-15,6.5216107,2.0026786
al,2022-05-15,15.5776546,1.3999468
ar,2022-05-15,15.8873184,1.689826
az,2022-05-15,13.6656043,1.0694846
ca,2022-05-15,13.4403617,0.5024077
co,2022-05-15,14.0848306,1.1198715
ct,2022-05-15,16.0320409,1.2592077
de,2022-05-15,15.2382999,2.3697589
fl,2022-05-15,13.0884352,0.5761368
ga,2022-05-15,11.3827992,0.9019331
hi,2022-05-15,15.2575761,2.2879406
ia,2022-05-15,16.1363038,1.3709541
id,2022-05-15,13.5673033,1.8123419
il,2022-05-15,15.4357804,0.7659362
in,2022-05-15,12.6130596,0.9858856
ks,2022-05-15,20.7847612,1.7146349
ky,2022-05-15,17.5763961,1.3681066
la,2022-05-15,16.1654101,1.4643551
ma,2022-05-15,13.9164122,1.0041883
md,2022-05-15,13.2025882,1.1444031
me,2022-05-15,17.0595233,1.6941164
mi,2022-05-15,14.9383611,0.7586107
mn,2022-05-15,13.2795973,1.0497208
mo,2022-05-15,14.3158221,1.137496
ms,2022-05-15,15.9234897,1.8816425
mt,2022-05-15,16.1883431,2.2336927
nc,2022-05-15,13.0360189,0.8291469
nd,2022-05-15,19.5277698,3.3372785
ne,2022-05-15,11.1932894,1.6437079
nh,2022-05-15,11.0955876,1.6599511
nj,2022-05-15,14.6564027,1.0456497
nm,2022-05-15,18.0799163,1.8655532
nv,2022-05-15,14.1747426,1.7290535
ny,2022-05-15,13.7170317,0.6522499
oh,2022-05-15,16.764788,0.8248405
ok,2022-05-15,19.1648138,1.5897259
or,2022-05-15,17.3237791,1.2356878
pa,2022-05-15,13.9311534,0.7321219
ri,2022-05-15,13.0650011,2.1575425
sc,2022-05-15,18.057404,1.2586614
sd,2022-05-15,8.6482418,2.2956757
tn,2022-05-15,16.843485,1.1549667
tx,2022-05-15,13.2129204,0.6038325
ut,2022-05-15,22.2694885,1.9049083
va,2022-05-15,15.2805772,0.9035634
vt,2022-05-15,15.7732253,2.5519375
wa,2022-05-15,15.8086479,0.8951528
wi,2022-05-15,13.4873838,1.0252786
wv,2022-05-15,17.0068403,1.8138602
wy,2022-05-15,17.8852599,3.3742778
ak,2022-05-16,7.8362842,2.1049475
al,2022-05-16,14.8201961,1.368546
ar,2022-05-16,16.4715598,1.687794
az,2022-05-16,15.8243198,1.1391455
ca,2022-05-16,13.6346924,0.5038782
co,2022-05-16,13.981571,1.1067225
ct,2022-05-16,14.5919952,1.2209658
de,2022-05-16,16.559844,2.4300082
fl,2022-05-16,13.1661746,0.5783467
ga,2022-05-16,12.5664361,0.9275806
hi,2022-05-16,18.9297634,2.5234505
ia,2022-05-16,16.5709877,1.3885878
id,2022-05-16,13.1151065,1.7991818
il,2022-05-16,15.6887877,0.7689611
in,2022-05-16,13.1230103,0.9965467
ks,2022-05-16,21.9357658,1.7439624
ky,2022-05-16,17.8868742,1.3507542
la,2022-05-16,16.8729741,1.4862098
ma,2022-05-16,14.4839883,1.0163836
md,2022-05-16,13.2685937,1.1561101
me,2022-05-16,18.4902469,1.7869201
mi,2022-05-16,14.4174344,0.7416895
mn,2022-05-16,13.2603153,1.0686836
mo,2022-05-16,15.2209733,1.1735218
ms,2022-05-16,18.973807,1.9725049
mt,2022-05-16,20.2999189,2.3745821
nc,2022-05-16,13.5326233,0.8475321
nd,2022-05-16,22.7886969,3.6224507
ne,2022-05-16,10.7979594,1.618006
nh,2022-05-16,11.0989051,1.5926444
nj,2022-05-16,15.4264958,1.0506114
nm,2022-05-16,19.2729226,1.8834873
nv,2022-05-16,15.243426,1.7709028
ny,2022-05-16,13.8960846,0.6540508
oh,2022-05-16,16.5557862,0.8255557
ok,2022-05-16,18.9612367,1.547078
or,2022-05-16,17.4013258,1.237868
pa,2022-05-16,13.9019215,0.7198268
ri,2022-05-16,12.4150181,2.111039
sc,2022-05-16,16.5483954,1.2006387
sd,2022-05-16,9.7100098,2.4680836
tn,2022-05-16,17.152619,1.1497391
tx,2022-05-16,13.3412355,0.6031527
ut,2022-05-16,21.6091743,1.8963715
va,2022-05-16,15.7845645,0.9060916
vt,2022-05-16,13.7116971,2.4142005
wa,2022-05-16,17.0212344,0.9277392
wi,2022-05-16,13.2320672,1.0120232
wv,2022-05-16,17.876956,1.8922861
wy,2022-05-16,16.1663485,3.1455303
ak,2022-05-17,7.8033595,2.1338791
al,2022-05-17,15.4229893,1.3911558
ar,2022-05-17,17.1042496,1.7098183
az,2022-05-17,16.1650868,1.1597308
ca,2022-05-17,13.1373644,0.4948531
co,2022-05-17,14.5019488,1.1135219
ct,2022-05-17,14.2329996,1.202644
de,2022-05-17,15.7385041,2.4117311
fl,2022-05-17,12.8310883,0.570706
ga,2022-05-17,13.5222542,0.9668309
hi,2022-05-17,17.8674844,2.4574582
ia,2022-05-17,16.4714755,1.3785357
id,2022-05-17,12.6258867,1.7553713
il,2022-05-17,15.215359,0.7577016
in,2022-05-17,13.1364899,1.0048903
ks,2022-05-17,21.4005979,1.7392976
ky,2022-05-17,18.2304272,1.374537
la,2022-05-17,18.4744641,1.5340617
ma,2022-05-17,16.273569,1.0646822
md,2022-05-17,13.8019461,1.1714115
me,2022-05-17,17.0453906,1.7433836
mi,2022-05-17,14.6638122,0.7413236
mn,2022-05-17,12.9126577,1.0749836
mo,2022-05-17,16.1704036,1.2047148
ms,2022-05-17,20.1574107,2.0051831
mt,2022-05-17,22.5889499,2.455846
nc,2022-05-17,12.1403782,0.8015974
nd,2022-05-17,19.1080057,3.3456446
ne,2022-05-17,11.4696661,1.6818131
nh,2022-05-17,11.7325797,1.6535046
nj,2022-05-17,15.5240807,1.0537668
nm,2022-05-17,18.5440841,1.8292963
nv,2022-05-17,14.4770472,1.7170057
ny,2022-05-17,13.8431433,0.6530043
oh,2022-05-17,17.5156449,0.8499319
ok,2022-05-17,18.6838489,1.5206838
or,2022-05-17,17.9946498,1.2657877
pa,2022-05-17,14.4646712,0.7276082
ri,2022-05-17,11.0728579,2.0383331
sc,2022-05-17,16.3731761,1.2018079
sd,2022-05-17,9.0558469,2.3062264
tn,2022-05-17,18.7153934,1.2059707
tx,2022-05-17,13.1828866,0.6037305
ut,2022-05-17,20.3065463,1.8535409
va,2022-05-17,14.9013543,0.8725608
vt,2022-05-17,13.7684425,2.424374
wa,2022-05-17,19.1297515,0.9712442
wi,2022-05-17,12.9086444,0.9819289
wv,2022-05-17,18.8494355,1.9362627
wy,2022-05-17,14.221502,2.9952201
ak,2022-05-18,9.4926111,2.2888268
al,2022-05-18,16.6038094,1.4550699
ar,2022-05-18,16.2312195,1.6624042
az,2022-05-18,17.1795397,1.1906505
ca,2022-05-18,13.0390462,0.4913293
co,2022-05-18,15.5823265,1.1423785
ct,2022-05-18,13.0029708,1.1716824
de,2022-05-18,13.6219876,2.2095983
fl,2022-05-18,12.691574,0.5668944
ga,2022-05-18,13.7404028,0.9757103
hi,2022-05-18,17.2674899,2.4346929
ia,2022-05-18,13.3950099,1.2606228
id,2022-05-18,13.9324698,1.8697351
il,2022-05-18,15.5910524,0.7632624
in,2022-05-18,13.422088,1.0047902
ks,2022-05-18,21.9797048,1.7738011
ky,2022-05-18,18.0163229,1.3478833
la,2022-05-18,17.8558484,1.4987253
ma,2022-05-18,17.1750816,1.0802585
md,2022-05-18,13.0352577,1.1501147
me,2022-05-18,16.3108969,1.7412428
mi,2022-05-18,14.6580308,0.7354119
mn,2022-05-18,13.3081412,1.1036848
mo,2022-05-18,15.1841157,1.176767
ms,2022-05-18,17.5871405,1.8659656
mt,2022-05-18,19.9571729,2.3718272
nc,2022-05-18,11.6916864,0.7839427
nd,2022-05-18,18.9125804,3.252724
ne,2022-05-18,13.267875,1.7611894
nh,2022-05-18,12.2909862,1.6545905
nj,2022-05-18,14.1297374,1.0106023
nm,2022-05-18,18.4342947,1.8033506
nv,2022-05-18,13.8475428,1.665746
ny,2022-05-18,14.4762546,0.6630636
oh,2022-05-18,16.83087,0.8345196
ok,2022-05-18,18.2007882,1.4973928
or,2022-05-18,16.7186753,1.2349147
pa,2022-05-18,15.3842835,0.7460174
ri,2022-05-18,12.2558583,2.1717779
sc,2022-05-18,17.399564,1.2505542
sd,2022-05-18,7.1341443,2.1526699
tn,2022-05-18,19.3886368,1.2057757
tx,2022-05-18,13.7609209,0.6152576
ut,2022-05-18,19.1929911,1.8126304
va,2022-05-18,13.8689839,0.8475231
vt,2022-05-18,13.5393932,2.4315092
wa,2022-05-18,19.5802207,0.9822716
wi,2022-05-18,13.6807996,1.0094135
wv,2022-05-18,19.7201537,1.9368754
wy,2022-05-18,13.2027078,2.9355665
ak,2022-05-19,9.7773936,2.2983227
al,2022-05-19,17.0759667,1.4472897
ar,2022-05-19,14.0935553,1.5687123
az,2022-05-19,16.9804013,1.1898622
ca,2022-05-19,13.5602676,0.5009376
co,2022-05-19,15.8233125,1.1587677
ct,2022-05-19,13.4113167,1.1914879
de,2022-05-19,12.7875063,2.0871915
fl,2022-05-19,12.971165,0.5716891
ga,2022-05-19,14.1415406,0.9758585
hi,2022-05-19,16.8249944,2.4197747
ia,2022-05-19,12.2700551,1.1996632
id,2022-05-19,14.3058443,1.8707799
il,2022-05-19,15.6925149,0.7752992
in,2022-05-19,15.2207069,1.0497451
ks,2022-05-19,23.0288222,1.7951763
ky,2022-05-19,19.147806,1.3774034
la,2022-05-19,17.3109392,1.4693579
ma,2022-05-19,16.5349199,1.0666519
md,2022-05-19,14.0751468,1.1756607
me,2022-05-19,17.2339288,1.7453871
mi,2022-05-19,15.8651243,0.7551069
mn,2022-05-19,12.8228677,1.077941
mo,2022-05-19,15.1329754,1.1834379
ms,2022-05-19,19.1407925,1.8899218
mt,2022-05-19,19.6633526,2.4100201
nc,2022-05-19,11.1394162,0.758174
nd,2022-05-19,19.8038179,3.3687412
ne,2022-05-19,14.3622971,1.8382103
nh,2022-05-19,13.5576995,1.6994667
nj,2022-05-19,13.9333475,0.9947042
nm,2022-05-19,22.2286913,1.9380006
nv,2022-05-19,13.1485162,1.635974
ny,2022-05-19,13.6239011,0.644502
oh,2022-05-19,17.6105595,0.8454231
ok,2022-05-19,17.3073679,1.4736906
or,2022-05-19,16.6604157,1.230502
pa,2022-05-19,15.6204384,0.7497107
ri,2022-05-19,10.6780426,2.0061001
sc,2022-05-19,17.1189608,1.2466108
sd,2022-05-19,5.829757,1.9658012
tn,2022-05-19,19.1699003,1.2022593
tx,2022-05-19,14.3312915,0.6246049
ut,2022-05-19,18.8995192,1.8058119
va,2022-05-19,13.4422739,0.844507
vt,2022-05-19,15.2427789,2.6497889
wa,2022-05-19,18.5532266,0.9658066
wi,2022-05-19,13.5531157,0.9994167
wv,2022-05-19,19.3618078,1.9781369
wy,2022-05-19,12.4935579,3.006254
ak,2022-05-20,9.2727675,2.3603969
al,2022-05-20,17.1663865,1.4293357
ar,2022-05-20,13.0011219,1.5302893
az,2022-05-20,16.0737819,1.1672801
ca,2022-05-20,13.2482216,0.4952911
co,2022-05-20,15.3388738,1.1395839
ct,2022-05-20,11.5188206,1.1182802
dc,2022-05-20,11.6300655,3.1285903
de,2022-05-20,12.6853016,2.0882247
fl,2022-05-20,13.3197719,0.5824752
ga,2022-05-20,14.7133445,0.99796
hi,2022-05-20,19.5520759,2.5600488
ia,2022-05-20,11.9214623,1.1936561
id,2022-05-20,13.4427717,1.8200073
il,2022-05-20,15.6103985,0.7698069
in,2022-05-20,16.1075308,1.0797774
ks,2022-05-20,24.9699987,1.8643211
ky,2022-05-20,19.9598833,1.3890558
la,2022-05-20,17.5296289,1.4591516
ma,2022-05-20,15.861427,1.051949
md,2022-05-20,12.8681277,1.1464941
me,2022-05-20,12.5686874,1.5270914
mi,2022-05-20,16.4659362,0.7640763
mn,2022-05-20,12.6616601,1.0716074
mo,2022-05-20,16.2975863,1.2270624
ms,2022-05-20,17.2234538,1.7913039
mt,2022-05-20,17.3465954,2.3306466
nc,2022-05-20,12.0245109,0.7821982
nd,2022-05-20,16.9799036,3.3307863
ne,2022-05-20,14.5819797,1.8549453
nh,2022-05-20,12.9756107,1.6764557
nj,2022-05-20,13.6999552,0.977643
nm,2022-05-20,21.563682,1.8714493
nv,2022-05-20,12.8517076,1.610773
ny,2022-05-20,14.1743006,0.6556413
oh,2022-05-20,17.3627889,0.8325536
ok,2022-05-20,17.6867307,1.4557291
or,2022-05-20,16.7247186,1.2378098
pa,2022-05-20,15.1753243,0.7416894
ri,2022-05-20,9.5879296,1.8926475
sc,2022-05-20,16.3341993,1.2336292
sd,2022-05-20,5.6674605,1.8690643
tn,2022-05-20,18.2237655,1.1885145
tx,2022-05-20,15.0284357,0.6339938
ut,2022-05-20,18.9743933,1.7803606
va,2022-05-20,14.2219276,0.8603289
vt,2022-05-20,13.2708135,2.5572597
wa,2022-05-20,18.9960459,0.9785382
wi,2022-05-20,13.6263386,0.9903553
wv,2022-05-20,21.6098027,2.0527809
wy,2022-05-20,8.6547574,2.5670828
ak,2022-05-21,13.7944977,2.8250576
al,2022-05-21,15.085969,1.3174796
ar,2022-05-21,14.2053862,1.5612462
az,2022-05-21,15.2705859,1.1408712
ca,2022-05-21,14.2265804,0.5118287
co,2022-05-21,14.82078,1.1103497
ct,2022-05-21,12.1923953,1.1575432
dc,2022-05-21,10.0351679,2.8648532
de,2022-05-21,13.5403951,2.1343013
fl,2022-05-21,12.6229437,0.5670639
ga,2022-05-21,15.68363,1.0188187
hi,2022-05-21,18.1175732,2.5072022
ia,2022-05-21,12.3524307,1.1983214
id,2022-05-21,14.3938939,1.8316669
il,2022-05-21,15.4765092,0.7577892
in,2022-05-21,16.4082567,1.0831925
ks,2022-05-21,24.2439877,1.8424702
ky,2022-05-21,21.4136563,1.4334384
la,2022-05-21,16.4693265,1.4192227
ma,2022-05-21,16.9919185,1.0841524
md,2022-05-21,12.876253,1.1414625
me,2022-05-21,13.3301181,1.5197393
mi,2022-05-21,16.7685049,0.7693403
mn,2022-05-21,12.7699262,1.074392
mo,2022-05-21,17.599524,1.2368335
ms,2022-05-21,16.832836,1.7496357
mt,2022-05-21,14.4262382,2.1834265
nc,2022-05-21,12.5132927,0.7913815
nd,2022-05-21,17.0893464,3.2509541
ne,2022-05-21,14.239832,1.8706128
nh,2022-05-21,13.1045218,1.6529416
nj,2022-05-21,12.9281256,0.9601718
nm,2022-05-21,21.3478824,1.8922506
nv,2022-05-21,12.3233405,1.5766015
ny,2022-05-21,13.9093205,0.6530291
oh,2022-05-21,18.0327563,0.8399607
ok,2022-05-21,16.7934849,1.4058521
or,2022-05-21,16.8496453,1.2497678
pa,2022-05-21,15.5802434,0.742617
ri,2022-05-21,12.1362516,2.1122751
sc,2022-05-21,13.3552508,1.1251851
sd,2022-05-21,6.4654049,1.9440015
tn,2022-05-21,17.9011997,1.1802699
tx,2022-05-21,14.5088106,0.6283092
ut,2022-05-21,18.2730074,1.7619714
va,2022-05-21,14.3282657,0.8627619
vt,2022-05-21,14.415072,2.5685374
wa,2022-05-21,19.8637176,0.9819117
wi,2022-05-21,14.6967022,1.0071287
wv,2022-05-21,22.7491218,2.0856564
wy,2022-05-21,8.5272425,2.6160404
ak,2022-05-22,13.2925436,2.7181284
al,2022-05-22,14.688712,1.2840593
ar,2022-05-22,14.864428,1.5957001
az,2022-05-22,15.3407662,1.1261494
ca,2022-05-22,14.8321818,0.519813
co,2022-05-22,15.2024314,1.1225628
ct,2022-05-22,12.6691614,1.155262
dc,2022-05-22,11.7891136,3.0471418
de,2022-05-22,12.5156213,2.1097156
fl,2022-05-22,13.2809985,0.5763623
ga,2022-05-22,15.6955296,1.0147603
hi,2022-05-22,16.6113265,2.550151
ia,2022-05-22,11.3888172,1.1799139
id,2022-05-22,13.3279063,1.7758743
il,2022-05-22,15.1421998,0.7502179
in,2022-05-22,17.0027663,1.0940436
ks,2022-05-22,17.964113,1.6265451
ky,2022-05-22,20.0707808,1.3961657
la,2022-05-22,15.7361952,1.4026215
ma,2022-05-22,16.2744238,1.0616185
md,2022-05-22,13.6694011,1.1606607
me,2022-05-22,12.5401008,1.4719189
mi,2022-05-22,16.247064,0.7561332
mn,2022-05-22,12.0771922,1.0511392
mo,2022-05-22,16.9395011,1.2162988
ms,2022-05-22,14.7960564,1.6516254
mt,2022-05-22,15.4350032,2.3132419
nc,2022-05-22,11.6922273,0.7529964
nd,2022-05-22,15.6063311,3.2580003
ne,2022-05-22,13.9177586,1.8347025
nh,2022-05-22,13.8666295,1.7010365
nj,2022-05-22,11.4464723,0.9085308
nm,2022-05-22,19.8727303,1.8546473
nv,2022-05-22,10.8254767,1.5006497
ny,2022-05-22,13.8962715,0.6513818
oh,2022-05-22,16.7900328,0.8185781
ok,2022-05-22,17.6074487,1.4416661
or,2022-05-22,17.7251827,1.2590204
pa,2022-05-22,15.3450529,0.7308503
ri,2022-05-22,12.116338,2.1470155
sc,2022-05-22,12.787098,1.099197
sd,2022-05-22,7.5006039,2.0082586
tn,2022-05-22,18.4928088,1.1863279
tx,2022-05-22,14.5571593,0.6321011
ut,2022-05-22,15.6818469,1.6899166
va,2022-05-22,16.1025801,0.9167418
vt,2022-05-22,14.8376559,2.6349387
wa,2022-05-22,19.4895214,0.974003
wi,2022-05-22,13.3843063,0.961499
wv,2022-05-22,21.9818261,2.065457
wy,2022-05-22,7.0191412,2.3321645
ak,2022-05-23,13.7925466,2.7877185
al,2022-05-23,16.6731462,1.3628494
ar,2022-05-23,16.179492,1.6502234
az,2022-05-23,13.6146533,1.082824
ca,2022-05-23,14.661781,0.5188361
co,2022-05-23,14.5321863,1.1150408
ct,2022-05-23,12.526046,1.1462078
dc,2022-05-23,12.1437724,3.1285985
de,2022-05-23,10.1258536,1.8965878
fl,2022-05-23,13.4940002,0.5766046
ga,2022-05-23,14.067521,0.977947
hi,2022-05-23,12.491519,2.1800617
ia,2022-05-23,11.4612959,1.1815587
id,2022-05-23,14.1406838,1.8156749
il,2022-05-23,15.2191205,0.7480215
in,2022-05-23,16.5419698,1.0761914
ks,2022-05-23,15.8644312,1.5078619
ky,2022-05-23,18.9536205,1.3720498
la,2022-05-23,14.9617065,1.3937254
ma,2022-05-23,16.3638867,1.0746838
md,2022-05-23,13.5040473,1.140491
me,2022-05-23,12.2579781,1.4634058
mi,2022-05-23,15.9992525,0.7525614
mn,2022-05-23,11.5749444,1.028773
mo,2022-05-23,17.1329575,1.209775
ms,2022-05-23,13.3432639,1.5956947
mt,2022-05-23,10.0317131,1.9354248
nc,2022-05-23,11.1788903,0.741068
nd,2022-05-23,14.3239053,3.1690366
ne,2022-05-23,14.9220248,1.9213869
nh,2022-05-23,14.4096363,1.7833975
nj,2022-05-23,10.8374998,0.8813442
nm,2022-05-23,18.6056213,1.8027899
nv,2022-05-23,10.4315726,1.501042
ny,2022-05-23,14.1229835,0.6614623
oh,2022-05-23,16.3303945,0.8075881
ok,2022-05-23,17.2841946,1.4386541
or,2022-05-23,17.147799,1.2578139
pa,2022-05-23,14.9424663,0.7253021
ri,2022-05-23,13.9121706,2.2623604
sc,2022-05-23,12.5287142,1.0667751
sd,2022-05-23,8.0024557,1.9794628
tn,2022-05-23,17.8434815,1.1748941
tx,2022-05-23,14.5134187,0.6292696
ut,2022-05-23,15.5154039,1.6844027
va,2022-05-23,15.8100454,0.9189316
vt,2022-05-23,15.3163493,2.6550229
wa,2022-05-23,19.2391123,0.9701089
wi,2022-05-23,13.1255675,0.9608884
wv,2022-05-23,20.1460273,1.9760311
wy,2022-05-23,9.8913909,2.7839667
ak,2022-05-24,14.4338529,2.8985678
al,2022-05-24,16.9740772,1.3662333
ar,2022-05-24,17.5654206,1.7260982
az,2022-05-24,12.7225529,1.0633276
ca,2022-05-24,14.8606366,0.5211175
co,2022-05-24,14.0130443,1.0971655
ct,2022-05-24,14.4867412,1.2239096
dc,2022-05-24,9.5237462,2.9354265
de,2022-05-24,10.6190663,1.9106403
fl,2022-05-24,13.4816557,0.5753177
ga,2022-05-24,14.2065966,0.980809
hi,2022-05-24,14.9275275,2.295514
ia,2022-05-24,11.0759285,1.1746184
id,2022-05-24,14.1304638,1.8102195
il,2022-05-24,14.7287222,0.7386373
in,2022-05-24,16.2969401,1.0834791
ks,2022-05-24,17.4709924,1.5672289
ky,2022-05-24,18.2309898,1.3442333
la,2022-05-24,14.4053656,1.3637308
ma,2022-05-24,15.8423773,1.0838238
md,2022-05-24,13.0934874,1.1194664
me,2022-05-24,15.4031421,1.6127346
mi,2022-05-24,16.4158243,0.7583301
mn,2022-05-24,11.0132452,0.9989469
mo,2022-05-24,17.9507249,1.2418233
ms,2022-05-24,13.9308069,1.6215914
mt,2022-05-24,8.6295865,1.8090116
nc,2022-05-24,12.1867014,0.7751595
nd,2022-05-24,16.1033216,3.3387287
ne,2022-05-24,13.6624516,1.8439757
nh,2022-05-24,12.6805293,1.7092462
nj,2022-05-24,11.5546644,0.9067355
nm,2022-05-24,18.6936387,1.8197925
nv,2022-05-24,10.8905477,1.5447468
ny,2022-05-24,14.022276,0.6617579
oh,2022-05-24,16.0687849,0.794235
ok,2022-05-24,19.5910601,1.4908456
or,2022-05-24,17.874651,1.2714892
pa,2022-05-24,14.7119716,0.720065
ri,2022-05-24,15.0743171,2.3192696
sc,2022-05-24,12.1753276,1.0575955
sd,2022-05-24,9.8252039,2.2070943
tn,2022-05-24,16.4093847,1.1295899
tx,2022-05-24,14.3656036,0.6220483
ut,2022-05-24,15.259633,1.6534206
va,2022-05-24,16.3172395,0.9463577
vt,2022-05-24,14.6518983,2.5587441
wa,2022-05-24,17.1690131,0.9381006
wi,2022-05-24,13.7403741,0.9963243
wv,2022-05-24,19.0613386,1.9443371
wy,2022-05-24,8.388135,2.5963201
ak,2022-05-25,14.520171,2.9057552
al,2022-05-25,15.8737294,1.3334697
ar,2022-05-25,17.4787223,1.6950729
az,2022-05-25,11.1247627,1.0111299
ca,2022-05-25,14.763167,0.5222891
co,2022-05-25,12.7267538,1.0576244
ct,2022-05-25,15.2606362,1.2674504
de,2022-05-25,10.3649012,1.9125147
fl,2022-05-25,13.2163334,0.5758365
ga,2022-05-25,15.3403633,1.0061062
hi,2022-05-25,17.1515493,2.3985313
ia,2022-05-25,10.6973368,1.1675031
id,2022-05-25,12.5085386,1.70315
il,2022-05-25,14.4432999,0.7424076
in,2022-05-25,16.8401693,1.1252586
ks,2022-05-25,16.7265113,1.5299846
ky,2022-05-25,17.5175621,1.3422471
la,2022-05-25,14.4175301,1.3939621
ma,2022-05-25,15.2191573,1.0820636
md,2022-05-25,13.2586045,1.1361178
me,2022-05-25,16.2594901,1.6585122
mi,2022-05-25,15.6750751,0.7536761
mn,2022-05-25,10.7647605,0.9920261
mo,2022-05-25,18.9624318,1.2677771
ms,2022-05-25,16.2961001,1.7410861
mt,2022-05-25,11.1564586,2.0075162
nc,2022-05-25,13.6683053,0.8171917
nd,2022-05-25,18.0238428,3.6762425
ne,2022-05-25,13.6760084,1.8554783
nh,2022-05-25,13.0973028,1.7398573
nj,2022-05-25,11.6211925,0.9224564
nm,2022-05-25,17.7566672,1.7857364
nv,2022-05-25,10.7048401,1.5464317
ny,2022-05-25,13.6111065,0.6611493
oh,2022-05-25,16.387914,0.8069993
ok,2022-05-25,21.9693765,1.5508534
or,2022-05-25,17.7033141,1.2744422
pa,2022-05-25,14.0126573,0.7103301
ri,2022-05-25,14.0631333,2.1943027
sc,2022-05-25,11.316345,1.0305261
sd,2022-05-25,13.4522752,2.5240203
tn,2022-05-25,15.7347499,1.1199971
tx,2022-05-25,13.8257549,0.6165478
ut,2022-05-25,15.6787731,1.686144
va,2022-05-25,17.1161632,0.9673452
vt,2022-05-25,15.7556067,2.6224606
wa,2022-05-25,17.0096426,0.9329044
wi,2022-05-25,12.9891999,0.9692702
wv,2022-05-25,19.3231562,1.9402639
wy,2022-05-25,8.5434228,2.6180265
ak,2022-05-26,17.9755697,3.1563277
al,2022-05-26,15.2291318,1.3503377
ar,2022-05-26,19.7902827,1.8017207
az,2022-05-26,12.2726274,1.0513731
ca,2022-05-26,14.6984742,0.5255161
co,2022-05-26,12.1994196,1.0401772
ct,2022-05-26,13.4079337,1.2200361
de,2022-05-26,9.3690364,1.8429594
fl,2022-05-26,12.5663612,0.5653158
ga,2022-05-26,15.1340673,1.0173242
hi,2022-05-26,18.2917709,2.3884169
ia,2022-05-26,11.5568381,1.2445688
id,2022-05-26,14.7152299,1.8466725
il,2022-05-26,13.6834825,0.722442
in,2022-05-26,15.9018748,1.1148363
ks,2022-05-26,18.1414323,1.5731924
ky,2022-05-26,17.4758614,1.3261912
la,2022-05-26,15.9138645,1.4482376
ma,2022-05-26,15.568605,1.1068181
md,2022-05-26,11.6867766,1.0891827
me,2022-05-26,18.3917184,1.7908341
mi,2022-05-26,14.4766156,0.7346482
mn,2022-05-26,10.6762737,1.0136637
mo,2022-05-26,18.3147317,1.2457054
ms,2022-05-26,14.0446366,1.6854268
mt,2022-05-26,11.0527397,2.0034033
nc,2022-05-26,14.2828996,0.8392991
nd,2022-05-26,19.9084369,3.7345455
ne,2022-05-26,16.1651722,1.9908935
nh,2022-05-26,12.737608,1.7332317
nj,2022-05-26,12.6282739,0.9665684
nm,2022-05-26,18.0355106,1.8104047
nv,2022-05-26,9.6208992,1.4931951
ny,2022-05-26,14.9709592,0.69891
oh,2022-05-26,14.9217829,0.7856011
ok,2022-05-26,20.3307796,1.5203328
or,2022-05-26,19.3173265,1.3323375
pa,2022-05-26,14.4460037,0.7241259
ri,2022-05-26,14.5762348,2.2825288
sc,2022-05-26,9.769054,0.977774
sd,2022-05-26,15.4079189,2.7006633
tn,2022-05-26,16.1410177,1.1381023
tx,2022-05-26,13.4283007,0.619077
ut,2022-05-26,15.7875872,1.7112498
va,2022-05-26,17.8602781,0.9885787
vt,2022-05-26,14.556128,2.4813451
wa,2022-05-26,16.8340701,0.9313581
wi,2022-05-26,14.0222248,1.0073798
wv,2022-05-26,19.9378227,1.9705111
wy,2022-05-26,7.8868035,2.4502313
ak,2022-05-27,17.3902102,3.1155686
al,2022-05-27,15.5765659,1.3785178
ar,2022-05-27,20.7680367,1.8288065
az,2022-05-27,12.3328641,1.0541915
ca,2022-05-27,15.2643594,0.5391284
co,2022-05-27,13.0694321,1.0867607
ct,2022-05-27,13.3857471,1.2294711
de,2022-05-27,9.072662,1.7846979
fl,2022-05-27,12.5433788,0.5613731
ga,2022-05-27,14.8564043,1.0124555
hi,2022-05-27,16.7112025,2.3455078
ia,2022-05-27,12.3456819,1.2954016
id,2022-05-27,14.436185,1.832067
il,2022-05-27,14.276489,0.7413112
in,2022-05-27,15.3201189,1.0810846
ks,2022-05-27,17.7991657,1.5680825
ky,2022-05-27,17.5957168,1.3322038
la,2022-05-27,16.8391319,1.5163898
ma,2022-05-27,15.709315,1.1289118
md,2022-05-27,12.4114191,1.1152671
me,2022-05-27,19.2888095,1.8662328
mi,2022-05-27,13.9772532,0.7333004
mn,2022-05-27,11.5626241,1.0594484
mo,2022-05-27,16.4284192,1.1933571
ms,2022-05-27,16.0044486,1.8402071
mt,2022-05-27,10.9808454,2.0016343
nc,2022-05-27,13.4792271,0.824392
nd,2022-05-27,19.9414998,3.6896289
ne,2022-05-27,19.4414018,2.1465371
nh,2022-05-27,11.5809673,1.635106
nj,2022-05-27,12.3277607,0.9623605
nm,2022-05-27,21.4652273,1.8996542
nv,2022-05-27,9.7214157,1.52983
ny,2022-05-27,14.5072811,0.6968626
oh,2022-05-27,15.3669797,0.7972803
ok,2022-05-27,19.934488,1.5289461
or,2022-05-27,19.1523796,1.3356216
pa,2022-05-27,14.6971074,0.7332185
ri,2022-05-27,14.3276581,2.2758126
sc,2022-05-27,12.2894778,1.0771711
sd,2022-05-27,16.5389277,2.8345546
tn,2022-05-27,15.844539,1.142233
tx,2022-05-27,13.2087213,0.6242074
ut,2022-05-27,17.8512886,1.8173566
va,2022-05-27,17.7511652,0.9988503
vt,2022-05-27,12.9383551,2.344096
wa,2022-05-27,17.292694,0.9502256
wi,2022-05-27,15.1765814,1.0548193
wv,2022-05-27,20.5558606,2.005314
wy,2022-05-27,6.7810569,2.2668962
ak,2022-05-28,12.0184063,2.6729356
al,2022-05-28,17.6268812,1.4699228
ar,2022-05-28,21.028984,1.8372273
az,2022-05-28,12.632934,1.0634732
ca,2022-05-28,15.0966441,0.5365939
co,2022-05-28,14.9138368,1.1625145
ct,2022-05-28,13.2475166,1.2216951
de,2022-05-28,7.7187405,1.7050885
fl,2022-05-28,13.0805654,0.5721624
ga,2022-05-28,14.2444578,1.0006323
hi,2022-05-28,16.7779894,2.3174074
ia,2022-05-28,12.4006121,1.2890087
id,2022-05-28,13.9569428,1.8340572
il,2022-05-28,14.4465197,0.7529605
in,2022-05-28,15.4104174,1.0856457
ks,2022-05-28,19.0993946,1.6209714
ky,2022-05-28,16.6493898,1.3099836
la,2022-05-28,16.7770482,1.5229343
ma,2022-05-28,15.1346522,1.104951
md,2022-05-28,11.6009436,1.0740381
me,2022-05-28,20.1160127,1.9583658
mi,2022-05-28,14.2935792,0.7463884
mn,2022-05-28,11.741116,1.0766135
mo,2022-05-28,15.2778309,1.1734016
ms,2022-05-28,16.9110348,1.9276359
mt,2022-05-28,12.3455945,2.1324312
nc,2022-05-28,13.4548908,0.8180625
nd,2022-05-28,20.9440928,3.8926066
ne,2022-05-28,20.4320842,2.1195332
nh,2022-05-28,11.8621497,1.6675121
nj,2022-05-28,12.982393,0.9813683
nm,2022-05-28,21.3266127,1.885119
nv,2022-05-28,11.7822639,1.6648689
ny,2022-05-28,14.2558763,0.6985465
oh,2022-05-28,15.2356265,0.7917771
ok,2022-05-28,19.4739052,1.548769
or,2022-05-28,19.4802563,1.3416249
pa,2022-05-28,15.2220343,0.7501976
ri,2022-05-28,11.1460703,2.048545
sc,2022-05-28,13.8520445,1.1333696
sd,2022-05-28,16.5726563,2.8442361
tn,2022-05-28,15.4104778,1.1259098
tx,2022-05-28,13.5320145,0.6326685
ut,2022-05-28,16.2738141,1.7420021
va,2022-05-28,18.3355098,1.0199497
vt,2022-05-28,12.3318086,2.3791238
wa,2022-05-28,17.0380341,0.9571218
wi,2022-05-28,13.242283,1.0141653
wv,2022-05-28,17.8444025,1.8999987
wy,2022-05-28,6.6201448,2.232792
ak,2022-05-29,12.5688357,2.7248952
al,2022-05-29,16.7137628,1.4414002
ar,2022-05-29,20.0121815,1.8111386
az,2022-05-29,12.4641784,1.0633759
ca,2022-05-29,14.9447241,0.5375134
co,2022-05-29,14.8685007,1.1470914
ct,2022-05-29,13.4796031,1.2528625
de,2022-05-29,5.6400844,1.4649093
fl,2022-05-29,12.7994859,0.5643828
ga,2022-05-29,14.0579946,1.0059191
hi,2022-05-29,16.1100057,2.2048575
ia,2022-05-29,13.1416998,1.3213418
id,2022-05-29,15.665629,1.9210301
il,2022-05-29,13.5056985,0.735403
in,2022-05-29,14.3644238,1.0747228
ks,2022-05-29,19.6095291,1.6614813
ky,2022-05-29,15.6217813,1.2969159
la,2022-05-29,19.5113839,1.597989
ma,2022-05-29,15.882165,1.1383322
md,2022-05-29,9.9084723,1.0043239
me,2022-05-29,20.3021284,2.0106798
mi,2022-05-29,14.1050254,0.7463482
mn,2022-05-29,13.6628289,1.1766739
mo,2022-05-29,15.6211027,1.2014841
ms,2022-05-29,16.3932972,1.8988145
mt,2022-05-29,12.5039927,2.1440082
nc,2022-05-29,14.8284834,0.8675596
nd,2022-05-29,19.0175517,3.5639052
ne,2022-05-29,19.7784075,2.0937086
nh,2022-05-29,10.1691293,1.5738851
nj,2022-05-29,13.6916368,1.0203667
nm,2022-05-29,21.8516482,1.8858947
nv,2022-05-29,13.2315023,1.7711151
ny,2022-05-29,14.3098759,0.7077464
oh,2022-05-29,15.9051967,0.8040325
ok,2022-05-29,21.060065,1.6145466
or,2022-05-29,18.2853195,1.3247255
pa,2022-05-29,15.1729734,0.7498587
ri,2022-05-29,10.5703532,2.0317494
sc,2022-05-29,13.8229274,1.1269236
sd,2022-05-29,14.257065,2.6982338
tn,2022-05-29,15.0600941,1.1164201
tx,2022-05-29,13.987911,0.6437456
ut,2022-05-29,15.6166959,1.6852394
va,2022-05-29,16.2011442,0.9654524
vt,2022-05-29,11.2975813,2.2965874
wa,2022-05-29,16.9827921,0.9637258
wi,2022-05-29,13.8333503,1.0495895
wv,2022-05-29,16.7737668,1.8383065
wy,2022-05-29,6.9068587,2.3148584
ak,2022-05-30,10.2360528,2.5260153
al,2022-05-30,14.5303814,1.3717329
ar,2022-05-30,19.0685571,1.8120545
az,2022-05-30,13.4819557,1.0932976
ca,2022-05-30,15.0390534,0.5394512
co,2022-05-30,16.1798182,1.1806062
ct,2022-05-30,14.1018232,1.2811543
de,2022-05-30,7.1034244,1.6757136
fl,2022-05-30,12.4641237,0.5598503
ga,2022-05-30,14.2476372,1.0061029
hi,2022-05-30,16.3811432,2.2607723
ia,2022-05-30,13.4054329,1.3274406
id,2022-05-30,15.4376147,1.9203324
il,2022-05-30,13.2601811,0.7355332
in,2022-05-30,16.010669,1.1322154
ks,2022-05-30,19.8737993,1.6923057
ky,2022-05-30,16.634407,1.3448988
la,2022-05-30,20.5305987,1.6041919
ma,2022-05-30,15.8418541,1.1494894
md,2022-05-30,10.7411639,1.0425985
me,2022-05-30,20.2936847,1.9930145
mi,2022-05-30,14.0715208,0.7552164
mn,2022-05-30,13.5176063,1.1291073
mo,2022-05-30,15.0312157,1.1826928
ms,2022-05-30,17.3523231,1.9392454
mt,2022-05-30,13.8150822,2.2752277
nc,2022-05-30,14.6244999,0.8456386
nd,2022-05-30,19.7233485,3.6154974
ne,2022-05-30,18.0628059,1.9735667
nh,2022-05-30,10.4959021,1.5748521
nj,2022-05-30,13.4438527,1.0215826
nm,2022-05-30,22.1002003,1.9152364
nv,2022-05-30,12.851245,1.7036959
ny,2022-05-30,14.4063064,0.7155979
oh,2022-05-30,16.4032962,0.8162764
ok,2022-05-30,23.0924011,1.7090992
or,2022-05-30,20.1877717,1.3535594
pa,2022-05-30,15.7043328,0.7619822
ri,2022-05-30,9.7795045,1.9891202
sc,2022-05-30,13.805735,1.1336093
sd,2022-05-30,15.2371937,2.8232574
tn,2022-05-30,14.4491321,1.0926877
tx,2022-05-30,13.9637603,0.6433068
ut,2022-05-30,16.9563003,1.6920736
va,2022-05-30,15.7533978,0.953112
vt,2022-05-30,12.9548783,2.4755931
wa,2022-05-30,17.0394737,0.9602704
wi,2022-05-30,14.820605,1.0722567
wv,2022-05-30,17.3858702,1.8691829
wy,2022-05-30,6.6605918,2.257484
ak,2022-05-31,14.089098,2.8597948
al,2022-05-31,13.7103879,1.3278226
ar,2022-05-31,18.9844191,1.7994455
az,2022-05-31,15.3266067,1.141628
ca,2022-05-31,15.4850789,0.545456
co,2022-05-31,16.0478388,1.1695346
ct,2022-05-31,11.8261558,1.1862674
de,2022-05-31,7.9881888,1.7500092
fl,2022-05-31,12.8783969,0.5625818
ga,2022-05-31,13.6697519,0.9799126
hi,2022-05-31,15.3837435,2.187628
ia,2022-05-31,14.9338575,1.377181
id,2022-05-31,14.3441908,1.8898903
il,2022-05-31,13.7406566,0.7400791
in,2022-05-31,17.0692768,1.1518157
ks,2022-05-31,19.3427262,1.6780861
ky,2022-05-31,17.0158088,1.3529821
la,2022-05-31,19.8822512,1.5727308
ma,2022-05-31,15.6407076,1.1225891
md,2022-05-31,10.797923,1.0515953
me,2022-05-31,18.0418668,1.9126083
mi,2022-05-31,14.5679602,0.7720489
mn,2022-05-31,14.4036333,1.1659369
mo,2022-05-31,15.5272461,1.1868933
ms,2022-05-31,15.5692504,1.8684789
mt,2022-05-31,13.0675381,2.1677237
nc,2022-05-31,14.5306073,0.8532131
nd,2022-05-31,18.9393976,3.5712244
ne,2022-05-31,18.9958662,2.0448904
nh,2022-05-31,11.011593,1.6084228
nj,2022-05-31,12.8089276,1.0044277
nm,2022-05-31,22.2818318,1.9164744
nv,2022-05-31,14.0531504,1.7402117
ny,2022-05-31,14.0802479,0.7082117
oh,2022-05-31,16.0391651,0.8154862
ok,2022-05-31,20.5391789,1.7163786
or,2022-05-31,19.7079857,1.3640712
pa,2022-05-31,15.8951665,0.7711604
ri,2022-05-31,8.7456577,1.9046454
sc,2022-05-31,14.9457999,1.1735635
sd,2022-05-31,14.4442368,2.7615074
tn,2022-05-31,15.0623601,1.1045509
tx,2022-05-31,14.8004595,0.6623883
ut,2022-05-31,15.8512832,1.6708069
va,2022-05-31,15.7226828,0.9484267
vt,2022-05-31,13.7966806,2.6372466
wa,2022-05-31,17.7531819,0.9544026
wi,2022-05-31,13.5957985,1.0246001
wv,2022-05-31,17.679953,1.8772307
wy,2022-05-31,7.4282774,2.4244225
ak,2022-06-01,13.0847666,2.8005733
al,2022-06-01,13.2338464,1.2956475
ar,2022-06-01,18.582651,1.8295571
az,2022-06-01,15.3033177,1.1353521
ca,2022-06-01,15.7352651,0.5471641
co,2022-06-01,16.6163835,1.1812475
ct,2022-06-01,11.2620186,1.1512701
de,2022-06-01,12.7642641,2.1630005
fl,2022-06-01,13.9027169,0.5759054
ga,2022-06-01,13.1089588,0.9646787
hi,2022-06-01,14.9602083,2.2120413
ia,2022-06-01,15.9293651,1.4046145
id,2022-06-01,14.0365769,1.883829
il,2022-06-01,13.9484671,0.7423583
in,2022-06-01,17.7282559,1.1615703
ks,2022-06-01,18.0879849,1.6532776
ky,2022-06-01,18.3718898,1.3952324
la,2022-06-01,18.7241072,1.5372294
ma,2022-06-01,15.6888918,1.1134126
md,2022-06-01,11.5708191,1.0680307
me,2022-06-01,18.8968019,1.9142955
mi,2022-06-01,14.9356496,0.7832421
mn,2022-06-01,13.7249202,1.140739
mo,2022-06-01,15.2070509,1.1705469
ms,2022-06-01,14.2287952,1.8068169
mt,2022-06-01,12.021726,2.1003897
nc,2022-06-01,13.6479664,0.8239393
nd,2022-06-01,19.6820819,3.5813842
ne,2022-06-01,20.7472685,2.0669109
nh,2022-06-01,10.4691977,1.5814545
nj,2022-06-01,13.0465312,1.006876
nm,2022-06-01,21.5511892,1.9055609
nv,2022-06-01,14.5262167,1.7601003
ny,2022-06-01,14.6855463,0.7177523
oh,2022-06-01,16.5140919,0.822694
ok,2022-06-01,17.7166962,1.632501
or,2022-06-01,18.7382284,1.3249189
pa,2022-06-01,16.3880894,0.7844007
ri,2022-06-01,7.7364123,1.8012526
sc,2022-06-01,14.9732667,1.1588623
sd,2022-06-01,9.4676492,2.2307035
tn,2022-06-01,15.3045647,1.1144675
tx,2022-06-01,15.3586984,0.6681477
ut,2022-06-01,16.0838735,1.6666212
va,2022-06-01,15.4366001,0.9333356
vt,2022-06-01,13.5619086,2.7152762
wa,2022-06-01,17.8588149,0.9599221
wi,2022-06-01,13.0319205,1.0127509
wv,2022-06-01,17.6387034,1.9105252
wy,2022-06-01,9.371984,2.6945473
ak,2022-06-02,14.9378799,3.0126492
al,2022-06-02,12.049056,1.2216965
ar,2022-06-02,17.1847211,1.7627736
az,2022-06-02,13.8583677,1.1039664
ca,2022-06-02,16.1892387,0.5503443
co,2022-06-02,16.8471851,1.1748324
ct,2022-06-02,12.5171396,1.2099383
de,2022-06-02,14.4980951,2.2918562
fl,2022-06-02,14.1928728,0.576369
ga,2022-06-02,12.4952108,0.9432228
hi,2022-06-02,14.1938284,2.1684987
ia,2022-06-02,15.3268987,1.3608469
id,2022-06-02,12.093588,1.7948333
il,2022-06-02,15.4113788,0.7697776
in,2022-06-02,18.0680085,1.1574461
ks,2022-06-02,17.5065658,1.6428943
ky,2022-06-02,17.8711384,1.3920922
la,2022-06-02,17.2309039,1.5010197
ma,2022-06-02,15.5097587,1.1015236
md,2022-06-02,12.5914834,1.1145474
me,2022-06-02,17.4835554,1.8419446
mi,2022-06-02,14.9786462,0.7856861
mn,2022-06-02,14.2466674,1.1498876
mo,2022-06-02,15.4427008,1.177316
ms,2022-06-02,14.2017294,1.7863697
mt,2022-06-02,14.905073,2.2672434
nc,2022-06-02,13.4502148,0.8258111
nd,2022-06-02,18.7928863,3.4768091
ne,2022-06-02,19.9577537,2.0479445
nh,2022-06-02,10.620884,1.6109809
nj,2022-06-02,12.8679657,0.9965451
nm,2022-06-02,18.637882,1.7893819
nv,2022-06-02,17.6249993,1.8915364
ny,2022-06-02,14.6092323,0.7121175
oh,2022-06-02,17.7546534,0.8450162
ok,2022-06-02,18.4273255,1.6699716
or,2022-06-02,17.472868,1.2930569
pa,2022-06-02,15.8739841,0.7719462
ri,2022-06-02,7.2164433,1.7327869
sc,2022-06-02,15.138965,1.1484784
sd,2022-06-02,7.8041723,2.0147659
tn,2022-06-02,14.6168276,1.0837344
tx,2022-06-02,16.3645845,0.6731999
ut,2022-06-02,16.805519,1.6706724
va,2022-06-02,15.0663925,0.9222712
vt,2022-06-02,12.8574784,2.6973191
wa,2022-06-02,17.6376757,0.9619133
wi,2022-06-02,13.493921,1.0236528
wv,2022-06-02,18.7252838,1.9336049
wy,2022-06-02,10.1976673,2.7512365
ak,2022-06-03,16.6400955,3.0511487
al,2022-06-03,14.2745034,1.2938151
ar,2022-06-03,18.1752919,1.8179399
az,2022-06-03,13.4911004,1.0876167
ca,2022-06-03,16.2046287,0.5437064
co,2022-06-03,16.2172536,1.1441261
ct,2022-06-03,14.659525,1.2788122
de,2022-06-03,17.7618322,2.5536218
fl,2022-06-03,14.037447,0.5726309
ga,2022-06-03,12.7808547,0.9424683
hi,2022-06-03,14.9687684,2.1833665
ia,2022-06-03,15.1757202,1.3308743
id,2022-06-03,12.7295821,1.8403366
il,2022-06-03,14.4331378,0.7428533
in,2022-06-03,17.9336952,1.1546033
ks,2022-06-03,17.4861616,1.6315023
ky,2022-06-03,18.1090635,1.4030022
la,2022-06-03,15.9865927,1.4286949
ma,2022-06-03,15.1987941,1.0829453
md,2022-06-03,11.5139503,1.0759901
me,2022-06-03,18.075305,1.8749686
mi,2022-06-03,14.8747626,0.7807901
mn,2022-06-03,13.8679811,1.1462907
mo,2022-06-03,16.6766168,1.1949864
ms,2022-06-03,12.546226,1.6628005
mt,2022-06-03,16.7485733,2.353546
nc,2022-06-03,14.4491979,0.8494838
nd,2022-06-03,17.7391317,3.3598599
ne,2022-06-03,17.1208657,1.9175916
nh,2022-06-03,9.8789273,1.6022976
nj,2022-06-03,14.5201212,1.0646579
nm,2022-06-03,16.0360249,1.721215
nv,2022-06-03,19.0458819,1.9256884
ny,2022-06-03,15.0189381,0.716379
oh,2022-06-03,17.2757798,0.8415394
ok,2022-06-03,17.2249064,1.6279353
or,2022-06-03,16.7296817,1.2698916
pa,2022-06-03,16.0111468,0.7720624
ri,2022-06-03,6.6398133,1.6672754
sc,2022-06-03,14.280822,1.1136712
sd,2022-06-03,7.9261223,2.0015079
tn,2022-06-03,14.3293824,1.0570757
tx,2022-06-03,17.0221007,0.6738103
ut,2022-06-03,15.9584133,1.6030282
va,2022-06-03,15.9103872,0.9340447
vt,2022-06-03,11.9873389,2.62596
wa,2022-06-03,16.8626962,0.9348887
wi,2022-06-03,12.1880715,0.9580712
wv,2022-06-03,16.9636522,1.837805
wy,2022-06-03,15.5367724,3.4080651
ak,2022-06-04,19.5298439,3.2697018
al,2022-06-04,14.7472378,1.3241726
ar,2022-06-04,18.0915212,1.82484
az,2022-06-04,14.2289172,1.1095784
ca,2022-06-04,15.98071,0.5381778
co,2022-06-04,14.1727238,1.0815069
ct,2022-06-04,13.5449573,1.2396712
de,2022-06-04,18.8808975,2.5749387
fl,2022-06-04,13.2828543,0.5554066
ga,2022-06-04,13.1217125,0.9553726
hi,2022-06-04,13.9216115,2.1678126
ia,2022-06-04,14.9033509,1.3310928
id,2022-06-04,12.1384085,1.8031711
il,2022-06-04,13.5870809,0.7233373
in,2022-06-04,16.879701,1.125802
ks,2022-06-04,17.037557,1.6133667
ky,2022-06-04,21.0825173,1.4847803
la,2022-06-04,17.681099,1.496401
ma,2022-06-04,14.5776887,1.0792969
md,2022-06-04,12.835342,1.1399149
me,2022-06-04,16.3339012,1.8141735
mi,2022-06-04,14.4141723,0.7704976
mn,2022-06-04,14.5425178,1.1584432
mo,2022-06-04,17.1265707,1.2190058
ms,2022-06-04,12.9294442,1.6700007
mt,2022-06-04,17.0433735,2.3513525
nc,2022-06-04,15.3543291,0.8785097
nd,2022-06-04,15.7591744,3.1198285
ne,2022-06-04,14.7029302,1.8289569
nh,2022-06-04,9.5740326,1.6033306
nj,2022-06-04,13.9928273,1.0690695
nm,2022-06-04,15.8207004,1.7111448
nv,2022-06-04,19.1704227,1.921268
ny,2022-06-04,15.3080971,0.7290808
oh,2022-06-04,17.341972,0.8453299
ok,2022-06-04,19.2860445,1.6962788
or,2022-06-04,16.895259,1.2585546
pa,2022-06-04,15.8954897,0.771682
ri,2022-06-04,7.078891,1.7370509
sc,2022-06-04,13.8535291,1.1035344
sd,2022-06-04,9.9746197,2.1574055
tn,2022-06-04,16.0070776,1.1043998
tx,2022-06-04,17.0646163,0.6699711
ut,2022-06-04,17.6770002,1.6926469
va,2022-06-04,15.6054089,0.9274928
vt,2022-06-04,10.4533253,2.4654239
wa,2022-06-04,15.7299841,0.9070968
wi,2022-06-04,12.8818674,0.976054
wv,2022-06-04,17.9281488,1.8671645
wy,2022-06-04,16.0987553,3.3691092
ak,2022-06-05,22.0269358,3.5025579
al,2022-06-05,14.4465929,1.3138292
ar,2022-06-05,18.9858461,1.8847532
az,2022-06-05,14.5829191,1.1169999
ca,2022-06-05,16.1139518,0.5339182
co,2022-06-05,14.4114568,1.0975353
ct,2022-06-05,12.3532422,1.1904516
de,2022-06-05,18.6368171,2.5902735
fl,2022-06-05,12.914867,0.5497777
ga,2022-06-05,12.6212534,0.9400484
hi,2022-06-05,12.6105442,2.0788653
ia,2022-06-05,16.1759819,1.3667673
id,2022-06-05,11.8876216,1.8063707
il,2022-06-05,14.3273593,0.7345365
in,2022-06-05,17.0007522,1.1145048
ks,2022-06-05,16.3250484,1.5759139
ky,2022-06-05,20.9190517,1.4559756
la,2022-06-05,18.0854028,1.4914474
ma,2022-06-05,14.6046038,1.0888149
md,2022-06-05,12.7494632,1.1528355
me,2022-06-05,15.4662806,1.7356537
mi,2022-06-05,14.9018769,0.7817533
mn,2022-06-05,14.120242,1.1327555
mo,2022-06-05,16.3549633,1.1748716
ms,2022-06-05,13.6652476,1.7011838
mt,2022-06-05,15.6416139,2.2159111
nc,2022-06-05,14.1562829,0.8437463
nd,2022-06-05,18.8755479,3.3506077
ne,2022-06-05,16.794741,1.9759413
nh,2022-06-05,9.9441438,1.5816055
nj,2022-06-05,14.3306449,1.0751856
nm,2022-06-05,15.4172334,1.6859628
nv,2022-06-05,17.9240936,1.8588021
ny,2022-06-05,15.2848468,0.7289258
oh,2022-06-05,17.9597316,0.8613383
ok,2022-06-05,16.5498843,1.5977629
or,2022-06-05,16.6611443,1.2480488
pa,2022-06-05,16.1185286,0.7830534
ri,2022-06-05,6.8492113,1.6914614
sc,2022-06-05,14.6608522,1.1433987
sd,2022-06-05,11.6496132,2.3218038
tn,2022-06-05,14.8414105,1.0677272
tx,2022-06-05,17.1990781,0.665548
ut,2022-06-05,17.6020988,1.7153481
va,2022-06-05,15.3442725,0.9198085
vt,2022-06-05,13.8477929,2.6889425
wa,2022-06-05,15.0566463,0.8855285
wi,2022-06-05,12.2485888,0.9424974
wv,2022-06-05,17.2467347,1.8411063
wy,2022-06-05,15.8623418,3.4675322
ak,2022-06-06,22.3188718,3.4226542
al,2022-06-06,15.4903327,1.3559342
ar,2022-06-06,19.2129778,1.8722327
az,2022-06-06,14.2763264,1.1066032
ca,2022-06-06,16.2384423,0.5318425
co,2022-06-06,13.8752901,1.0760977
ct,2022-06-06,11.7390247,1.1769271
de,2022-06-06,18.1087876,2.5672732
fl,2022-06-06,12.9427388,0.5497657
ga,2022-06-06,11.9747855,0.9164696
hi,2022-06-06,10.8757883,1.9382883
ia,2022-06-06,15.2237926,1.3288601
id,2022-06-06,10.7300169,1.7410164
il,2022-06-06,15.4730822,0.7558976
in,2022-06-06,16.6149909,1.0999964
ks,2022-06-06,18.4145193,1.6557132
ky,2022-06-06,21.8575663,1.4663255
la,2022-06-06,17.6290158,1.4933073
ma,2022-06-06,14.1468143,1.0689087
md,2022-06-06,11.6932772,1.1133777
me,2022-06-06,15.0277633,1.7457365
mi,2022-06-06,15.0930301,0.7809895
mn,2022-06-06,13.6663054,1.1330421
mo,2022-06-06,16.6810226,1.1776927
ms,2022-06-06,13.2502355,1.6899332
mt,2022-06-06,15.6624997,2.2007984
nc,2022-06-06,14.3422841,0.8595005
nd,2022-06-06,20.1167814,3.4971517
ne,2022-06-06,17.0630704,1.9801636
nh,2022-06-06,9.4166753,1.5815967
nj,2022-06-06,14.0396577,1.0650171
nm,2022-06-06,16.7118325,1.7365993
nv,2022-06-06,18.3605744,1.8848505
ny,2022-06-06,15.1637947,0.7268504
oh,2022-06-06,18.8568369,0.8729282
ok,2022-06-06,15.0232767,1.5375718
or,2022-06-06,15.0529518,1.2106495
pa,2022-06-06,15.9394049,0.7802292
ri,2022-06-06,6.7427201,1.6944875
sc,2022-06-06,13.488526,1.1077169
sd,2022-06-06,13.7533041,2.5056983
tn,2022-06-06,14.7424357,1.0623863
tx,2022-06-06,17.1457196,0.6640064
ut,2022-06-06,15.4737845,1.6644481
va,2022-06-06,15.64673,0.9329056
vt,2022-06-06,13.8010471,2.6531613
wa,2022-06-06,14.7499928,0.8799358
wi,2022-06-06,12.174647,0.9487085
wv,2022-06-06,16.0614573,1.7726334
wy,2022-06-06,13.445994,3.1013704
ak,2022-06-07,17.7945407,3.1124705
al,2022-06-07,16.5497489,1.4086396
ar,2022-06-07,18.293111,1.8168357
az,2022-06-07,13.5666163,1.0761649
ca,2022-06-07,17.2612074,0.5473735
co,2022-06-07,13.8502662,1.0731898
ct,2022-06-07,13.4003969,1.2582438
de,2022-06-07,20.3960782,2.7228173
fl,2022-06-07,13.0039812,0.5593371
ga,2022-06-07,12.4194754,0.9419172
hi,2022-06-07,10.9944489,1.9985372
ia,2022-06-07,13.3244215,1.2443482
id,2022-06-07,11.8354781,1.7945723
il,2022-06-07,15.3730464,0.7639714
in,2022-06-07,16.7063641,1.0995354
ks,2022-06-07,18.7390056,1.6474864
ky,2022-06-07,22.009741,1.4605444
la,2022-06-07,17.7812143,1.4972044
ma,2022-06-07,13.5336571,1.0607524
md,2022-06-07,13.9398088,1.2110245
me,2022-06-07,15.3971136,1.7802924
mi,2022-06-07,14.2900332,0.7615241
mn,2022-06-07,14.8944478,1.1636844
mo,2022-06-07,16.1273318,1.1629973
ms,2022-06-07,13.7089109,1.7021105
mt,2022-06-07,16.3770377,2.2995972
nc,2022-06-07,13.7798974,0.8320864
nd,2022-06-07,18.7391666,3.3946089
ne,2022-06-07,17.2799579,1.9793453
nh,2022-06-07,8.6405731,1.5561059
nj,2022-06-07,14.1267927,1.0672738
nm,2022-06-07,16.7245178,1.7317767
nv,2022-06-07,17.3164577,1.8509293
ny,2022-06-07,15.1346726,0.7253836
oh,2022-06-07,18.7389462,0.8624916
ok,2022-06-07,14.1479016,1.4820365
or,2022-06-07,14.1424183,1.1670937
pa,2022-06-07,16.3158551,0.7856586
ri,2022-06-07,6.2102772,1.6815184
sc,2022-06-07,13.4098798,1.1138038
sd,2022-06-07,14.3433361,2.5430903
tn,2022-06-07,16.7714977,1.1088267
tx,2022-06-07,16.1001232,0.6437039
ut,2022-06-07,15.2352295,1.6735122
va,2022-06-07,15.9619091,0.9357425
vt,2022-06-07,13.9513952,2.533727
wa,2022-06-07,13.6873428,0.8644345
wi,2022-06-07,13.6113088,0.995724
wv,2022-06-07,16.53483,1.8061608
wy,2022-06-07,11.7643474,2.8258308
ak,2022-06-08,16.9468544,3.0429919
al,2022-06-08,17.4929878,1.4237473
ar,2022-06-08,19.6838379,1.8344074
az,2022-06-08,15.1716834,1.122529
ca,2022-06-08,17.3404971,0.5477952
co,2022-06-08,15.3550354,1.1152397
ct,2022-06-08,13.9090895,1.2932173
de,2022-06-08,21.3197797,2.7739325
fl,2022-06-08,12.8254035,0.5533057
ga,2022-06-08,13.1099938,0.9706786
hi,2022-06-08,10.9076839,1.9755441
ia,2022-06-08,12.8653842,1.2259405
id,2022-06-08,12.8619837,1.8236528
il,2022-06-08,15.5353259,0.7611347
in,2022-06-08,17.0001674,1.1000589
ks,2022-06-08,19.1583766,1.6412067
ky,2022-06-08,20.6888589,1.4262102
la,2022-06-08,18.1201817,1.4957278
ma,2022-06-08,13.8574439,1.0796924
md,2022-06-08,14.604054,1.2228475
me,2022-06-08,13.717153,1.7331898
mi,2022-06-08,14.8234305,0.7650816
mn,2022-06-08,14.5627778,1.1492317
mo,2022-06-08,15.7871403,1.1582204
ms,2022-06-08,17.4807189,1.8780005
mt,2022-06-08,14.5460499,2.2167763
nc,2022-06-08,14.7290407,0.8600402
nd,2022-06-08,15.0435007,3.0747976
ne,2022-06-08,16.682201,1.9844648
nh,2022-06-08,8.2907592,1.5225332
nj,2022-06-08,14.5058157,1.0883438
nm,2022-06-08,16.6688655,1.7017732
nv,2022-06-08,16.8553506,1.8602375
ny,2022-06-08,14.5511613,0.7202244
oh,2022-06-08,16.9706008,0.8258465
ok,2022-06-08,15.8818343,1.5336316
or,2022-06-08,14.6155527,1.2050098
pa,2022-06-08,15.7370573,0.7697505
ri,2022-06-08,8.6278829,1.9658302
sc,2022-06-08,12.8825946,1.104486
sd,2022-06-08,14.0863971,2.5793819
tn,2022-06-08,16.2138781,1.0905271
tx,2022-06-08,16.1773342,0.6455429
ut,2022-06-08,16.8997536,1.7434709
va,2022-06-08,15.9836495,0.9422619
vt,2022-06-08,12.6930526,2.3778217
wa,2022-06-08,13.6103063,0.8632017
wi,2022-06-08,13.8392047,1.0001732
wv,2022-06-08,16.0835497,1.7715558
wy,2022-06-08,11.9928028,2.8604034
ak,2022-06-09,14.5821772,2.7392482
al,2022-06-09,17.116677,1.4085954
ar,2022-06-09,20.7936814,1.8604993
az,2022-06-09,15.6415182,1.1261901
ca,2022-06-09,16.4882681,0.538889
co,2022-06-09,15.5846765,1.1247331
ct,2022-06-09,12.9697366,1.2276083
de,2022-06-09,21.2297307,2.7760261
fl,2022-06-09,13.2328508,0.5643542
ga,2022-06-09,13.0660017,0.9574864
hi,2022-06-09,9.547814,1.9129583
ia,2022-06-09,12.5424828,1.1829491
id,2022-06-09,12.5730816,1.7954182
il,2022-06-09,14.5056,0.7422441
in,2022-06-09,16.8730474,1.0986633
ks,2022-06-09,17.253112,1.5729753
ky,2022-06-09,21.2093752,1.4351277
la,2022-06-09,18.7349258,1.5243903
ma,2022-06-09,15.8428929,1.1366385
md,2022-06-09,13.7941796,1.175891
me,2022-06-09,13.4056889,1.6993241
mi,2022-06-09,15.1565241,0.7751796
mn,2022-06-09,13.1359221,1.101134
mo,2022-06-09,15.8684933,1.1440227
ms,2022-06-09,21.3854085,2.0171754
mt,2022-06-09,11.1705137,2.0168138
nc,2022-06-09,14.032162,0.8413861
nd,2022-06-09,14.9725261,3.1647958
ne,2022-06-09,15.1702029,1.8962758
nh,2022-06-09,7.0411391,1.3977981
nj,2022-06-09,14.3526117,1.0871912
nm,2022-06-09,15.6619804,1.6699366
nv,2022-06-09,12.71498,1.6513545
ny,2022-06-09,14.6924794,0.7281443
oh,2022-06-09,16.1382595,0.8099544
ok,2022-06-09,18.0620456,1.6170289
or,2022-06-09,15.1694517,1.2131014
pa,2022-06-09,16.3652189,0.7823813
ri,2022-06-09,9.5219285,2.0450438
sc,2022-06-09,13.2144236,1.1207595
sd,2022-06-09,14.0964971,2.5651218
tn,2022-06-09,15.7144184,1.0743003
tx,2022-06-09,15.2217062,0.6254355
ut,2022-06-09,14.0029392,1.6162007
va,2022-06-09,15.8028772,0.9481517
vt,2022-06-09,14.7126617,2.4862213
wa,2022-06-09,13.9681975,0.8701863
wi,2022-06-09,13.9835838,1.0113376
wv,2022-06-09,17.1299323,1.8428414
wy,2022-06-09,10.8956481,2.8806142
ak,2022-06-10,13.8178173,2.7112587
al,2022-06-10,16.6003411,1.4083325
ar,2022-06-10,18.632207,1.7718949
az,2022-06-10,15.8062554,1.1218703
ca,2022-06-10,16.1683004,0.5386796
co,2022-06-10,16.1081689,1.1510378
ct,2022-06-10,12.601704,1.2224536
de,2022-06-10,18.2339293,2.6151611
fl,2022-06-10,13.7244668,0.5724765
ga,2022-06-10,12.4973285,0.9372118
hi,2022-06-10,10.1155457,1.9711924
ia,2022-06-10,12.7174255,1.1922621
id,2022-06-10,10.9501825,1.6692663
il,2022-06-10,15.3050499,0.7643025
in,2022-06-10,16.7524167,1.1099446
ks,2022-06-10,15.728797,1.5130329
ky,2022-06-10,20.1439032,1.4097798
la,2022-06-10,18.5354648,1.5123537
ma,2022-06-10,16.2408696,1.1559699
md,2022-06-10,13.476858,1.1637481
me,2022-06-10,12.7256802,1.6559843
mi,2022-06-10,14.8957736,0.7705633
mn,2022-06-10,14.9700482,1.1562581
mo,2022-06-10,16.1664407,1.1561131
ms,2022-06-10,21.0924041,1.9832796
mt,2022-06-10,8.3171886,1.7752255
nc,2022-06-10,13.1790665,0.8270016
nd,2022-06-10,15.7487093,3.3240023
ne,2022-06-10,13.7624087,1.8313352
nh,2022-06-10,7.6266037,1.4791462
nj,2022-06-10,12.9562826,1.0438518
nm,2022-06-10,15.4500688,1.6748839
nv,2022-06-10,11.4153191,1.5821314
ny,2022-06-10,14.8825618,0.7400486
oh,2022-06-10,16.029227,0.8032729
ok,2022-06-10,18.795427,1.6553458
or,2022-06-10,16.2367671,1.2382627
pa,2022-06-10,15.7105574,0.771467
ri,2022-06-10,9.7576211,2.1088529
sc,2022-06-10,12.6571538,1.108308
sd,2022-06-10,15.9663022,2.6786208
tn,2022-06-10,16.1346767,1.0825568
tx,2022-06-10,14.1436947,0.6052371
ut,2022-06-10,13.3467269,1.6156498
va,2022-06-10,14.7994695,0.9316623
vt,2022-06-10,18.8093631,2.7632801
wa,2022-06-10,13.9787604,0.8734947
wi,2022-06-10,14.6178009,1.0472574
wv,2022-06-10,16.6190937,1.8543163
wy,2022-06-10,7.4578499,2.3497516
ak,2022-06-11,12.739898,2.5497217
al,2022-06-11,14.8842941,1.3237107
ar,2022-06-11,19.3002286,1.7616378
az,2022-06-11,15.2199711,1.1113598
ca,2022-06-11,15.8652767,0.5330899
co,2022-06-11,16.4353753,1.1458869
ct,2022-06-11,14.4516906,1.2978276
de,2022-06-11,18.4400958,2.6387185
fl,2022-06-11,14.5132787,0.5862442
ga,2022-06-11,11.3740805,0.8980207
hi,2022-06-11,10.9510033,2.0157462
ia,2022-06-11,12.3732323,1.1790321
id,2022-06-11,11.8523827,1.713226
il,2022-06-11,16.1067027,0.7831726
in,2022-06-11,17.4274049,1.1345234
ks,2022-06-11,13.5135623,1.4122466
ky,2022-06-11,17.5160796,1.340217
la,2022-06-11,18.8886974,1.5233827
ma,2022-06-11,16.4038435,1.1549654
md,2022-06-11,12.0791758,1.1164642
me,2022-06-11,12.5109377,1.6419457
mi,2022-06-11,15.5402086,0.7844372
mn,2022-06-11,14.2516395,1.1437706
mo,2022-06-11,16.7825862,1.1533482
ms,2022-06-11,21.5192609,1.9791989
mt,2022-06-11,10.0892263,1.9012571
nc,2022-06-11,12.2587937,0.7963657
nd,2022-06-11,20.8598982,3.8743929
ne,2022-06-11,12.6515863,1.7523648
nh,2022-06-11,9.6765267,1.6373867
nj,2022-06-11,12.4701988,1.020063
nm,2022-06-11,14.836303,1.6514043
nv,2022-06-11,9.8864182,1.4741134
ny,2022-06-11,14.54676,0.7324607
oh,2022-06-11,15.7612599,0.7957049
ok,2022-06-11,18.9460938,1.6471705
or,2022-06-11,16.719861,1.2600432
pa,2022-06-11,14.9746694,0.7499193
ri,2022-06-11,10.6051031,2.1557622
sc,2022-06-11,11.8966474,1.0714529
sd,2022-06-11,14.5135403,2.6319815
tn,2022-06-11,15.3229291,1.0532456
tx,2022-06-11,15.0203689,0.6183784
ut,2022-06-11,12.2096975,1.5381464
va,2022-06-11,14.3408774,0.9241311
vt,2022-06-11,20.1712832,2.8662772
wa,2022-06-11,15.3029229,0.9048616
wi,2022-06-11,16.1962111,1.1008532
wv,2022-06-11,15.1943683,1.7620933
wy,2022-06-11,6.4894746,2.2303174
ak,2022-06-12,14.0335872,2.5817219
al,2022-06-12,16.1153222,1.362663
ar,2022-06-12,19.8653799,1.7583472
az,2022-06-12,14.3920661,1.0997828
ca,2022-06-12,15.6922993,0.5340857
co,2022-06-12,15.954071,1.1327721
ct,2022-06-12,15.3475979,1.340512
de,2022-06-12,19.4964818,2.671002
fl,2022-06-12,15.4048396,0.6022444
ga,2022-06-12,11.8673007,0.914729
hi,2022-06-12,11.3772396,2.062609
ia,2022-06-12,11.3986223,1.1415858
id,2022-06-12,11.6472342,1.6566691
il,2022-06-12,15.5714448,0.7837904
in,2022-06-12,18.8553541,1.1667131
ks,2022-06-12,12.8273316,1.4093028
ky,2022-06-12,17.8140179,1.3633379
la,2022-06-12,17.358719,1.5135826
ma,2022-06-12,16.0052504,1.1358554
md,2022-06-12,13.862078,1.1615552
me,2022-06-12,12.6502762,1.689761
mi,2022-06-12,15.3420164,0.7855056
mn,2022-06-12,13.0842632,1.1063093
mo,2022-06-12,17.7743692,1.1720555
ms,2022-06-12,20.6339884,1.9813967
mt,2022-06-12,15.0522589,2.3328594
nc,2022-06-12,13.0431508,0.81489
nd,2022-06-12,21.0081295,3.9022732
ne,2022-06-12,10.1180858,1.5452109
nh,2022-06-12,9.3776856,1.6610781
nj,2022-06-12,12.3231337,1.0182849
nm,2022-06-12,14.0825903,1.6158892
nv,2022-06-12,11.2407487,1.5468314
ny,2022-06-12,14.8216618,0.733114
oh,2022-06-12,14.3783893,0.766392
ok,2022-06-12,19.9117522,1.6553031
or,2022-06-12,15.8864763,1.212446
pa,2022-06-12,14.4496586,0.7368144
ri,2022-06-12,9.7545581,2.1139053
sc,2022-06-12,11.3258098,1.053438
sd,2022-06-12,15.0047164,2.6989627
tn,2022-06-12,16.061688,1.0854329
tx,2022-06-12,14.1558846,0.5985435
ut,2022-06-12,12.1608621,1.5204585
va,2022-06-12,14.9939203,0.9403195
vt,2022-06-12,16.6308521,2.752544
wa,2022-06-12,15.5864157,0.9151509
wi,2022-06-12,15.3371832,1.0949764
wv,2022-06-12,16.202158,1.8241986
wy,2022-06-12,13.1717645,3.0372608
ak,2022-06-13,14.6997216,2.7158471
al,2022-06-13,16.3832293,1.3541869
ar,2022-06-13,19.973256,1.7688121
az,2022-06-13,15.8855545,1.1425141
ca,2022-06-13,15.5354488,0.5353781
co,2022-06-13,14.8207759,1.1012434
ct,2022-06-13,15.4799611,1.3480268
de,2022-06-13,19.2465364,2.6519219
fl,2022-06-13,15.3427171,0.6015844
ga,2022-06-13,11.7746176,0.9033572
hi,2022-06-13,12.2254565,2.1278581
ia,2022-06-13,11.3021083,1.1492878
id,2022-06-13,13.0759719,1.7434166
il,2022-06-13,14.1231222,0.7533537
in,2022-06-13,17.9711416,1.1508628
ks,2022-06-13,12.1748841,1.3720436
ky,2022-06-13,16.4973592,1.3386996
la,2022-06-13,18.5059997,1.5336543
ma,2022-06-13,16.9544497,1.1708857
md,2022-06-13,14.2918003,1.1818301
me,2022-06-13,14.0096159,1.7805176
mi,2022-06-13,16.0783137,0.8008196
mn,2022-06-13,13.0613368,1.1120875
mo,2022-06-13,17.0048697,1.1655312
ms,2022-06-13,20.0756845,1.9028627
mt,2022-06-13,14.9138116,2.3389779
nc,2022-06-13,12.3497695,0.7996082
nd,2022-06-13,16.0253065,3.4666753
ne,2022-06-13,9.3695374,1.5172239
nh,2022-06-13,8.975425,1.5830624
nj,2022-06-13,13.7150096,1.0703249
nm,2022-06-13,12.3859915,1.492168
nv,2022-06-13,10.6722224,1.4924686
ny,2022-06-13,14.2078502,0.7177622
oh,2022-06-13,13.3323498,0.743725
ok,2022-06-13,19.2259056,1.6047994
or,2022-06-13,17.6071513,1.263992
pa,2022-06-13,14.4928126,0.7421408
ri,2022-06-13,9.738522,2.107011
sc,2022-06-13,12.4669798,1.1017592
sd,2022-06-13,13.3381964,2.5335849
tn,2022-06-13,17.2319142,1.1213249
tx,2022-06-13,13.9698512,0.5944533
ut,2022-06-13,14.187686,1.6059451
va,2022-06-13,15.3543443,0.9454744
vt,2022-06-13,17.2623397,2.8568162
wa,2022-06-13,16.5498396,0.9376133
wi,2022-06-13,16.3590934,1.1198929
wv,2022-06-13,17.8065374,1.9080713
wy,2022-06-13,12.7375592,3.1091878
ak,2022-06-14,13.9779465,2.6913647
al,2022-06-14,15.4250956,1.3179718
ar,2022-06-14,19.4048463,1.7479321
az,2022-06-14,16.9221554,1.1896849
ca,2022-06-14,14.1401722,0.5130697
co,2022-06-14,15.6966637,1.1269342
ct,2022-06-14,13.4825127,1.2728321
de,2022-06-14,16.714765,2.5212278
fl,2022-06-14,15.0112824,0.5913739
ga,2022-06-14,12.2792096,0.9081736
hi,2022-06-14,11.523842,2.0963693
ia,2022-06-14,13.5876739,1.2630829
id,2022-06-14,12.6997313,1.7150004
il,2022-06-14,14.2411496,0.7568649
in,2022-06-14,17.1300239,1.1253167
ks,2022-06-14,11.0357203,1.3264515
ky,2022-06-14,16.7812733,1.3567223
la,2022-06-14,19.2660612,1.561174
ma,2022-06-14,17.4387038,1.1933544
md,2022-06-14,11.8924815,1.0905735
me,2022-06-14,14.2147436,1.7866692
mi,2022-06-14,16.5010444,0.8107758
mn,2022-06-14,13.1648934,1.1275571
mo,2022-06-14,17.1129021,1.1667706
ms,2022-06-14,17.8625407,1.8094888
mt,2022-06-14,15.8893727,2.3901062
nc,2022-06-14,12.3479678,0.8021683
nd,2022-06-14,17.1286376,3.3567438
ne,2022-06-14,9.1677253,1.4942476
nh,2022-06-14,9.4654644,1.6163715
nj,2022-06-14,13.1208463,1.0545736
nm,2022-06-14,12.7880674,1.5059994
nv,2022-06-14,10.6924122,1.516956
ny,2022-06-14,14.6886115,0.736207
oh,2022-06-14,14.2498577,0.7748904
ok,2022-06-14,21.5046751,1.6759113
or,2022-06-14,17.6315835,1.2584613
pa,2022-06-14,14.2087088,0.7395096
ri,2022-06-14,10.7923239,2.1260346
sc,2022-06-14,11.9060708,1.0636952
sd,2022-06-14,11.8986889,2.426773
tn,2022-06-14,14.5919589,1.0440572
tx,2022-06-14,14.1556856,0.5964337
ut,2022-06-14,15.7635804,1.6545402
va,2022-06-14,14.8549713,0.9275208
vt,2022-06-14,14.9595098,2.7936871
wa,2022-06-14,17.5205774,0.9606213
wi,2022-06-14,15.4047232,1.1015337
wv,2022-06-14,18.5566172,1.9222725
wy,2022-06-14,13.5718985,3.2958717
ak,2022-06-15,14.3471008,2.7542008
al,2022-06-15,16.7926356,1.3612776
ar,2022-06-15,17.8147175,1.6862802
az,2022-06-15,16.4609387,1.1740426
ca,2022-06-15,13.7430175,0.5064328
co,2022-06-15,12.6993614,1.042572
ct,2022-06-15,12.9493792,1.2512502
de,2022-06-15,12.1858101,2.2155487
fl,2022-06-15,14.5431415,0.5873142
ga,2022-06-15,12.7824269,0.9200666
hi,2022-06-15,10.5899483,2.0158682
ia,2022-06-15,13.576877,1.2644436
id,2022-06-15,13.697752,1.7411358
il,2022-06-15,13.3667766,0.7427614
in,2022-06-15,17.2565831,1.1398435
ks,2022-06-15,12.4782722,1.3952562
ky,2022-06-15,16.1800962,1.3180286
la,2022-06-15,20.9191668,1.6151019
ma,2022-06-15,17.0422101,1.1813712
md,2022-06-15,11.2648976,1.0799934
me,2022-06-15,15.6188625,1.8672458
mi,2022-06-15,15.7712156,0.7995402
mn,2022-06-15,13.3779874,1.1210088
mo,2022-06-15,18.4998581,1.1983082
ms,2022-06-15,15.1779819,1.667343
mt,2022-06-15,16.115752,2.4297564
nc,2022-06-15,11.7999018,0.7815175
nd,2022-06-15,19.8584781,3.6275438
ne,2022-06-15,7.1619406,1.3352115
nh,2022-06-15,9.6009403,1.6242052
nj,2022-06-15,11.8900264,1.009012
nm,2022-06-15,13.8784431,1.57573
nv,2022-06-15,14.5325409,1.7363517
ny,2022-06-15,14.5856321,0.7320094
oh,2022-06-15,15.130353,0.8079756
ok,2022-06-15,20.8056701,1.668311
or,2022-06-15,18.4322162,1.2762768
pa,2022-06-15,14.1602761,0.7407865
ri,2022-06-15,9.7839598,2.10608
sc,2022-06-15,12.1895972,1.0821672
sd,2022-06-15,13.8117132,2.6307022
tn,2022-06-15,15.5218,1.0603187
tx,2022-06-15,13.9546839,0.5885002
ut,2022-06-15,16.0358877,1.6575492
va,2022-06-15,13.9966847,0.9044461
vt,2022-06-15,14.4347032,2.8048067
wa,2022-06-15,17.8119549,0.9712159
wi,2022-06-15,16.6381441,1.1374667
wv,2022-06-15,19.6995888,1.9642416
wy,2022-06-15,12.0693401,3.0923092
ak,2022-06-16,12.2691724,2.6018676
al,2022-06-16,17.4212563,1.3704153
ar,2022-06-16,16.6368152,1.6396236
az,2022-06-16,17.3451357,1.1922125
ca,2022-06-16,13.9630856,0.5086616
co,2022-06-16,12.3049307,1.0321018
ct,2022-06-16,13.6376923,1.2971301
de,2022-06-16,10.9991378,2.1488619
fl,2022-06-16,14.2187705,0.5791026
ga,2022-06-16,13.0603409,0.9285312
hi,2022-06-16,10.9402341,2.1092693
ia,2022-06-16,13.6421897,1.2801419
id,2022-06-16,12.8032924,1.6728329
il,2022-06-16,13.0388927,0.7442588
in,2022-06-16,18.1562102,1.1539138
ks,2022-06-16,14.4364241,1.4865125
ky,2022-06-16,14.9821814,1.2795366
la,2022-06-16,20.7929257,1.5830552
ma,2022-06-16,16.2234573,1.1600369
md,2022-06-16,11.4905233,1.0977254
me,2022-06-16,15.0328679,1.8995239
mi,2022-06-16,15.22572,0.7896523
mn,2022-06-16,14.1493178,1.1471192
mo,2022-06-16,19.1867038,1.2299271
ms,2022-06-16,13.5176865,1.5992276
mt,2022-06-16,19.0814037,2.5633602
nc,2022-06-16,12.5974732,0.8052572
nd,2022-06-16,18.8758812,3.5281391
ne,2022-06-16,10.5559567,1.6061015
nh,2022-06-16,11.274222,1.7652885
nj,2022-06-16,11.4231383,0.999914
nm,2022-06-16,14.2837069,1.5785419
nv,2022-06-16,17.5690365,1.8935818
ny,2022-06-16,13.3647584,0.7093646
oh,2022-06-16,15.1952655,0.8018904
ok,2022-06-16,19.6529965,1.6168913
or,2022-06-16,18.9499934,1.2913635
pa,2022-06-16,13.4974029,0.7288291
ri,2022-06-16,10.1967529,2.1614796
sc,2022-06-16,10.849087,1.0292573
sd,2022-06-16,18.1528917,2.9573593
tn,2022-06-16,16.5518126,1.0842072
tx,2022-06-16,14.1841752,0.5937277
ut,2022-06-16,18.5397487,1.7755278
va,2022-06-16,13.6084626,0.8861604
vt,2022-06-16,15.5870349,2.9229809
wa,2022-06-16,18.6782499,0.9915373
wi,2022-06-16,15.4507261,1.117007
wv,2022-06-16,18.0333626,1.8648184
wy,2022-06-16,12.5972548,3.0810838
ak,2022-06-17,12.7940515,2.6829418
al,2022-06-17,16.8790292,1.3533529
ar,2022-06-17,16.8151612,1.6419736
az,2022-06-17,18.4462053,1.2224672
ca,2022-06-17,14.4451687,0.5163053
co,2022-06-17,11.1758151,0.9845898
ct,2022-06-17,12.0767259,1.2289915
de,2022-06-17,13.4306628,2.3254743
fl,2022-06-17,14.0629853,0.5757323
ga,2022-06-17,13.2504935,0.9392457
hi,2022-06-17,9.2044084,1.9534768
ia,2022-06-17,16.4219392,1.3924136
id,2022-06-17,14.7330774,1.8401332
il,2022-06-17,12.4224894,0.7277805
in,2022-06-17,19.7880856,1.188333
ks,2022-06-17,14.8082005,1.4889977
ky,2022-06-17,14.9308929,1.2752769
la,2022-06-17,19.5940216,1.5663036
ma,2022-06-17,15.1414428,1.1312631
md,2022-06-17,11.0435128,1.0700374
me,2022-06-17,15.2579869,1.9359247
mi,2022-06-17,16.5328882,0.8149096
mn,2022-06-17,12.0270943,1.0642832
mo,2022-06-17,18.6371455,1.2057162
ms,2022-06-17,13.2509551,1.5892196
mt,2022-06-17,21.3169333,2.7183494
nc,2022-06-17,13.5912743,0.8236831
nd,2022-06-17,18.6871695,3.3672164
ne,2022-06-17,11.8590687,1.6762232
nh,2022-06-17,12.7405449,1.8189913
nj,2022-06-17,10.998513,0.9786789
nm,2022-06-17,17.3167856,1.7087897
nv,2022-06-17,18.4248439,1.9125805
ny,2022-06-17,13.0174052,0.6995145
oh,2022-06-17,15.9651767,0.8135595
ok,2022-06-17,19.0451474,1.5807787
or,2022-06-17,18.9253864,1.3028009
pa,2022-06-17,13.4554801,0.7273764
ri,2022-06-17,12.9089353,2.3418542
sc,2022-06-17,10.865763,1.0316478
sd,2022-06-17,16.185821,2.8175053
tn,2022-06-17,16.432207,1.081515
tx,2022-06-17,14.693284,0.6039825
ut,2022-06-17,18.0797252,1.7367788
va,2022-06-17,13.4834315,0.8861024
vt,2022-06-17,12.3853049,2.7169595
wa,2022-06-17,20.5835561,1.0394358
wi,2022-06-17,14.4808449,1.0860099
wv,2022-06-17,18.3529653,1.8536607
wy,2022-06-17,15.1920338,3.3474434
ak,2022-06-18,10.7430576,2.5453886
al,2022-06-18,15.7061304,1.3061653
ar,2022-06-18,14.8616189,1.5482985
az,2022-06-18,18.2234969,1.2125145
ca,2022-06-18,14.4545253,0.5163884
co,2022-06-18,11.3176227,1.0068824
ct,2022-06-18,10.934279,1.1967293
de,2022-06-18,13.0714531,2.3042853
fl,2022-06-18,13.4224865,0.5679197
ga,2022-06-18,13.8372388,0.9532778
hi,2022-06-18,10.5215504,2.112311
ia,2022-06-18,16.4084951,1.3880513
id,2022-06-18,15.7090031,1.902057
il,2022-06-18,12.7965612,0.7427036
in,2022-06-18,19.407184,1.1854461
ks,2022-06-18,15.4579775,1.5262292
ky,2022-06-18,14.1396571,1.2572924
la,2022-06-18,18.0958739,1.5227527
ma,2022-06-18,14.7902759,1.1254347
md,2022-06-18,10.3597221,1.0319712
me,2022-06-18,16.1415359,2.0041533
mi,2022-06-18,15.3256529,0.789677
mn,2022-06-18,12.4421699,1.087544
mo,2022-06-18,17.5250575,1.1874436
ms,2022-06-18,12.9610873,1.5848463
mt,2022-06-18,19.6887515,2.7057358
nc,2022-06-18,13.746504,0.8295482
nd,2022-06-18,16.2156983,3.1261854
ne,2022-06-18,13.2261281,1.7756556
nh,2022-06-18,11.2736486,1.7543526
nj,2022-06-18,11.8136674,1.0121214
nm,2022-06-18,17.5968399,1.7161363
nv,2022-06-18,21.0408617,2.045979
ny,2022-06-18,13.1327209,0.7001761
oh,2022-06-18,16.3593443,0.824255
ok,2022-06-18,17.3023393,1.5240833
or,2022-06-18,19.3273683,1.3096769
pa,2022-06-18,14.2226022,0.7477362
ri,2022-06-18,10.7790572,2.1554741
sc,2022-06-18,11.7357842,1.0692619
sd,2022-06-18,15.1707888,2.6969582
tn,2022-06-18,17.5758398,1.1204218
tx,2022-06-18,13.604448,0.582754
ut,2022-06-18,16.972574,1.6704433
va,2022-06-18,13.803305,0.8992943
vt,2022-06-18,12.2345455,2.6935489
wa,2022-06-18,19.7616365,1.0244067
wi,2022-06-18,13.1926358,1.0428687
wv,2022-06-18,18.5132949,1.9063769
wy,2022-06-18,17.8778878,3.3872756
ak,2022-06-19,9.7886558,2.6062762
al,2022-06-19,15.5343347,1.420783
ar,2022-06-19,16.0041172,1.7076317
az,2022-06-19,17.902208,1.2860404
ca,2022-06-19,14.124982,0.5543543
co,2022-06-19,12.2565043,1.1362354
ct,2022-06-19,11.8981035,1.3098178
de,2022-06-19,15.9285691,2.6548244
fl,2022-06-19,13.1788574,0.6085166
ga,2022-06-19,15.2719659,1.0915587
hi,2022-06-19,10.428381,2.2907814
ia,2022-06-19,16.7059366,1.4946271
id,2022-06-19,17.717414,2.1924824
il,2022-06-19,13.0279498,0.8173631
in,2022-06-19,18.1199539,1.2503583
ks,2022-06-19,15.1979447,1.6234094
ky,2022-06-19,13.9499702,1.3279759
la,2022-06-19,18.0835883,1.6471435
ma,2022-06-19,14.4771893,1.2169674
md,2022-06-19,8.8132482,1.047085
me,2022-06-19,15.5489173,2.1390047
mi,2022-06-19,14.368586,0.8297769
mn,2022-06-19,12.694514,1.2164913
mo,2022-06-19,16.8795369,1.2705913
ms,2022-06-19,12.9089944,1.7107592
mt,2022-06-19,15.758898,2.5894582
nc,2022-06-19,14.0181452,0.9107846
nd,2022-06-19,15.675825,3.303
ne,2022-06-19,14.7568068,1.9734409
nh,2022-06-19,12.9767684,2.0301382
nj,2022-06-19,11.1479465,1.0794979
nm,2022-06-19,19.117084,1.987718
nv,2022-06-19,22.6602437,2.3416546
ny,2022-06-19,13.1528015,0.7770098
oh,2022-06-19,17.183681,0.9228423
ok,2022-06-19,17.9555876,1.7045919
or,2022-06-19,19.6100549,1.4695204
pa,2022-06-19,14.5418087,0.8242882
ri,2022-06-19,12.4832688,2.4500716
sc,2022-06-19,12.2134225,1.1762014
sd,2022-06-19,12.9672531,2.7808396
tn,2022-06-19,18.1395584,1.2208186
tx,2022-06-19,13.6763952,0.6340137
ut,2022-06-19,18.9749032,1.893062
va,2022-06-19,12.2469366,0.9424029
vt,2022-06-19,11.9401089,2.9237517
wa,2022-06-19,19.948246,1.1222256
wi,2022-06-19,13.3716809,1.14666
wv,2022-06-19,16.9928564,2.0043587
wy,2022-06-19,16.5244013,3.4638544
ak,2022-06-20,9.8024437,2.4039136
al,2022-06-20,15.1917623,1.2843859
ar,2022-06-20,16.8288553,1.5981709
az,2022-06-20,17.6595366,1.1763966
ca,2022-06-20,13.6620447,0.505007
co,2022-06-20,12.3863918,1.049107
ct,2022-06-20,11.7550122,1.1994687
de,2022-06-20,14.6659761,2.3850927
fl,2022-06-20,12.8838164,0.5588338
ga,2022-06-20,15.396498,1.0068266
hi,2022-06-20,9.884258,2.084469
ia,2022-06-20,16.9285824,1.404554
id,2022-06-20,16.2214173,1.9503124
il,2022-06-20,13.2442749,0.7585325
in,2022-06-20,16.4157348,1.109813
ks,2022-06-20,17.2801085,1.593436
ky,2022-06-20,13.9791749,1.2156689
la,2022-06-20,17.8054452,1.5157524
ma,2022-06-20,13.6156336,1.0972058
md,2022-06-20,8.8879838,0.9754943
me,2022-06-20,16.0856908,1.9582428
mi,2022-06-20,14.5808695,0.76939
mn,2022-06-20,13.2711771,1.1410968
mo,2022-06-20,17.0944994,1.1775486
ms,2022-06-20,13.035445,1.592256
mt,2022-06-20,16.9881358,2.4041924
nc,2022-06-20,13.6951251,0.8377789
nd,2022-06-20,15.8845112,3.0346654
ne,2022-06-20,14.7382813,1.8281253
nh,2022-06-20,13.015452,1.8578633
nj,2022-06-20,10.6129829,0.9759473
nm,2022-06-20,17.8950848,1.7694316
nv,2022-06-20,20.9541008,2.0752161
ny,2022-06-20,13.3029542,0.7177102
oh,2022-06-20,17.5581887,0.86136
ok,2022-06-20,18.2466687,1.588656
or,2022-06-20,18.777114,1.3442462
pa,2022-06-20,14.1533631,0.7529745
ri,2022-06-20,10.6702647,2.1776746
sc,2022-06-20,12.9015335,1.1045767
sd,2022-06-20,14.8846051,2.6825582
tn,2022-06-20,17.0852956,1.1106973
tx,2022-06-20,13.7497226,0.5887768
ut,2022-06-20,18.6132923,1.7167289
va,2022-06-20,12.1869083,0.8664455
vt,2022-06-20,11.0058809,2.6263266
wa,2022-06-20,19.6089248,1.0265195
wi,2022-06-20,13.1921568,1.0503604
wv,2022-06-20,17.4833981,1.8941591
wy,2022-06-20,14.8693631,3.0855323
ak,2022-06-21,9.9273833,2.3421785
al,2022-06-21,15.1229289,1.2877799
ar,2022-06-21,18.4456452,1.673722
az,2022-06-21,16.8626508,1.1435963
ca,2022-06-21,13.754851,0.5054657
co,2022-06-21,11.6871337,1.0325911
ct,2022-06-21,16.2573564,1.3693989
de,2022-06-21,15.3276219,2.4455604
fl,2022-06-21,12.9688587,0.5613393
ga,2022-06-21,14.6313681,0.9863015
hi,2022-06-21,9.5875149,2.051321
ia,2022-06-21,15.4570597,1.349232
id,2022-06-21,16.8466413,1.9801121
il,2022-06-21,12.8398,0.7472904
in,2022-06-21,16.4998669,1.1101022
ks,2022-06-21,16.5554605,1.5664843
ky,2022-06-21,14.278798,1.2257337
la,2022-06-21,17.5197988,1.5073387
ma,2022-06-21,13.6316612,1.1017037
md,2022-06-21,10.0749291,1.0373025
me,2022-06-21,17.5767417,2.0116506
mi,2022-06-21,13.5334605,0.7515081
mn,2022-06-21,11.509779,1.0638162
mo,2022-06-21,16.607399,1.1567222
ms,2022-06-21,16.5094249,1.74409
mt,2022-06-21,17.2093963,2.3732766
nc,2022-06-21,14.1528774,0.8461438
nd,2022-06-21,15.7739591,3.1955667
ne,2022-06-21,14.5562548,1.8260384
nh,2022-06-21,13.3198754,1.8373707
nj,2022-06-21,10.6649099,0.9775571
nm,2022-06-21,16.6360155,1.7287582
nv,2022-06-21,21.176428,2.0751138
ny,2022-06-21,13.0109846,0.7048722
oh,2022-06-21,16.8838617,0.8425098
ok,2022-06-21,16.1081439,1.5253308
or,2022-06-21,19.8763858,1.3631856
pa,2022-06-21,13.9193786,0.7460029
ri,2022-06-21,14.4133797,2.5548189
sc,2022-06-21,12.0458648,1.0719671
sd,2022-06-21,16.4003681,2.7443145
tn,2022-06-21,17.6765901,1.1301554
tx,2022-06-21,13.9059192,0.5898327
ut,2022-06-21,19.1455116,1.7438999
va,2022-06-21,11.7368084,0.871638
vt,2022-06-21,16.2455725,3.0739019
wa,2022-06-21,18.52902,0.9955885
wi,2022-06-21,13.5498767,1.0758698
wv,2022-06-21,16.3015359,1.8352354
wy,2022-06-21,15.2537991,3.0285029
ak,2022-06-22,11.1352751,2.456367
al,2022-06-22,15.0512051,1.2869274
ar,2022-06-22,19.2049482,1.7046223
az,2022-06-22,16.7193858,1.146795
ca,2022-06-22,13.5252805,0.5009234
co,2022-06-22,12.3148334,1.0513084
ct,2022-06-22,16.1734033,1.3703233
de,2022-06-22,16.0503517,2.4526056
fl,2022-06-22,12.9635772,0.5617912
ga,2022-06-22,13.604651,0.9549116
hi,2022-06-22,10.334798,2.0956644
ia,2022-06-22,15.0294997,1.3346712
id,2022-06-22,15.7823382,1.9851323
il,2022-06-22,12.8071663,0.7506114
in,2022-06-22,14.783594,1.052157
ks,2022-06-22,15.8046136,1.5333404
ky,2022-06-22,13.9006293,1.2150478
la,2022-06-22,16.0286347,1.4345807
ma,2022-06-22,13.5458789,1.1062151
md,2022-06-22,10.3178559,1.0501875
me,2022-06-22,14.5801577,1.8421605
mi,2022-06-22,14.1070286,0.7712606
mn,2022-06-22,11.5254575,1.0685984
mo,2022-06-22,15.2192447,1.1187066
ms,2022-06-22,15.1435637,1.6877226
mt,2022-06-22,16.3545003,2.2765194
nc,2022-06-22,14.3491582,0.8505155
nd,2022-06-22,14.7679111,3.0189621
ne,2022-06-22,15.3802242,1.848218
nh,2022-06-22,13.9665472,1.9257757
nj,2022-06-22,11.2387445,0.9943175
nm,2022-06-22,15.9882673,1.6848735
nv,2022-06-22,17.5104192,1.913287
ny,2022-06-22,12.5353328,0.6923906
oh,2022-06-22,16.6814772,0.8264291
ok,2022-06-22,15.2320821,1.5119677
or,2022-06-22,19.1600317,1.3297078
pa,2022-06-22,13.523077,0.7458842
ri,2022-06-22,13.7725204,2.5757748
sc,2022-06-22,12.3836896,1.0692623
sd,2022-06-22,15.6141315,2.5925172
tn,2022-06-22,16.3624292,1.1111974
tx,2022-06-22,13.8053046,0.5929697
ut,2022-06-22,17.1612443,1.6860169
va,2022-06-22,12.3266274,0.8796837
vt,2022-06-22,16.5785576,2.9585815
wa,2022-06-22,17.5533789,0.9744872
wi,2022-06-22,11.6716557,1.0143362
wv,2022-06-22,15.785457,1.807055
wy,2022-06-22,16.2693512,3.0763079
ak,2022-06-23,11.1021167,2.4993096
al,2022-06-23,15.2055093,1.2990754
ar,2022-06-23,20.2310705,1.738315
az,2022-06-23,16.2379201,1.1459399
ca,2022-06-23,13.9743335,0.507797
co,2022-06-23,11.5971152,1.0115199
ct,2022-06-23,16.1682023,1.3816756
de,2022-06-23,18.5739711,2.5811966
fl,2022-06-23,12.8798794,0.5600872
ga,2022-06-23,14.5023341,0.9861477
hi,2022-06-23,11.6471021,2.143361
ia,2022-06-23,14.3076835,1.3151972
id,2022-06-23,20.0932232,2.1594984
il,2022-06-23,13.9584614,0.7703137
in,2022-06-23,14.3476708,1.0428481
ks,2022-06-23,14.3175512,1.4683676
ky,2022-06-23,14.0068973,1.2144449
la,2022-06-23,15.9997665,1.4248466
ma,2022-06-23,11.6834653,1.0561727
md,2022-06-23,11.6086948,1.1078819
me,2022-06-23,14.6373942,1.8205183
mi,2022-06-23,14.3158008,0.772596
mn,2022-06-23,11.5324213,1.0755187
mo,2022-06-23,14.9170716,1.1015682
ms,2022-06-23,13.1323369,1.5762692
mt,2022-06-23,15.654989,2.191435
nc,2022-06-23,13.4908173,0.8310109
nd,2022-06-23,14.0240631,3.0326136
ne,2022-06-23,12.0839575,1.6654733
nh,2022-06-23,13.923994,1.9444346
nj,2022-06-23,11.2102463,0.9986742
nm,2022-06-23,17.0911626,1.7453625
nv,2022-06-23,14.6106825,1.7558789
ny,2022-06-23,13.7515499,0.7163933
oh,2022-06-23,16.490048,0.8358656
ok,2022-06-23,14.2424839,1.4666473
or,2022-06-23,17.3755131,1.2686406
pa,2022-06-23,12.9844653,0.7302052
ri,2022-06-23,14.4914447,2.6459371
sc,2022-06-23,12.5280307,1.0751563
sd,2022-06-23,12.0121764,2.2321783
tn,2022-06-23,16.3147586,1.1093934
tx,2022-06-23,13.4582861,0.5863006
ut,2022-06-23,15.6601559,1.6170517
va,2022-06-23,12.6653178,0.8900845
vt,2022-06-23,12.583858,2.7355443
wa,2022-06-23,16.1042795,0.9474879
wi,2022-06-23,11.5930589,0.9903385
wv,2022-06-23,16.7000772,1.8418861
wy,2022-06-23,16.7097554,3.1535172
ak,2022-06-24,10.6383216,2.4150071
al,2022-06-24,14.9217386,1.2628666
ar,2022-06-24,22.7341641,1.8204042
az,2022-06-24,17.2389529,1.1714621
ca,2022-06-24,13.6614829,0.502186
co,2022-06-24,12.0580381,1.0297765
ct,2022-06-24,15.4909854,1.3665705
de,2022-06-24,16.2543149,2.4988334
fl,2022-06-24,12.9357577,0.5632506
ga,2022-06-24,14.8036678,0.9857324
hi,2022-06-24,10.4587923,2.082214
ia,2022-06-24,11.2627918,1.2028095
id,2022-06-24,17.9550058,2.0276825
il,2022-06-24,14.1376642,0.7847781
in,2022-06-24,13.24407,1.0048221
ks,2022-06-24,13.3357815,1.4289981
ky,2022-06-24,15.1963591,1.2515879
la,2022-06-24,19.6939945,1.5194824
ma,2022-06-24,12.3751771,1.07981
md,2022-06-24,12.4327038,1.1445989
me,2022-06-24,15.8688272,1.854962
mi,2022-06-24,13.0617556,0.7481098
mn,2022-06-24,12.0614355,1.1035368
mo,2022-06-24,14.9539856,1.1161104
ms,2022-06-24,14.0891483,1.6325897
mt,2022-06-24,14.0577864,2.0307871
nc,2022-06-24,12.6268387,0.816711
nd,2022-06-24,14.5479923,3.1030765
ne,2022-06-24,12.0154308,1.66575
nh,2022-06-24,11.4841632,1.8196631
nj,2022-06-24,12.0326175,1.0329639
nm,2022-06-24,12.1808882,1.4970523
nv,2022-06-24,13.111384,1.6925721
ny,2022-06-24,13.5341334,0.7153268
oh,2022-06-24,16.1871632,0.8390725
ok,2022-06-24,14.429579,1.4864659
or,2022-06-24,18.2028124,1.2905283
pa,2022-06-24,13.6595059,0.7474473
ri,2022-06-24,13.8843591,2.7001299
sc,2022-06-24,11.232158,1.0212462
sd,2022-06-24,11.8510501,2.2456562
tn,2022-06-24,16.3914505,1.1289254
tx,2022-06-24,12.9023408,0.5726181
ut,2022-06-24,14.7051962,1.5997551
va,2022-06-24,13.2472975,0.9049073
vt,2022-06-24,12.134006,2.7023139
wa,2022-06-24,16.5494734,0.9560394
wi,2022-06-24,12.5349426,1.0208694
wv,2022-06-24,14.730179,1.7877416
wy,2022-06-24,15.893131,3.1472386
ak,2022-06-25,14.6162988,2.8104616
al,2022-06-25,17.1602423,1.3491137
ar,2022-06-25,22.4839215,1.8576225
az,2022-06-25,17.3502439,1.1812842
ca,2022-06-25,14.2444892,0.5144204
co,2022-06-25,11.8359592,1.0099877
ct,2022-06-25,15.3744625,1.3536972
de,2022-06-25,17.0267615,2.5814702
fl,2022-06-25,12.8416235,0.5606329
ga,2022-06-25,14.2493588,0.9740021
hi,2022-06-25,9.8747695,1.9888197
ia,2022-06-25,11.3208903,1.2152062
id,2022-06-25,17.4297676,1.9876155
il,2022-06-25,13.775526,0.7702599
in,2022-06-25,15.7492998,1.0836229
ks,2022-06-25,13.8879117,1.4680016
ky,2022-06-25,15.8088185,1.2582512
la,2022-06-25,19.5548392,1.5077317
ma,2022-06-25,12.5615796,1.0944301
md,2022-06-25,13.4530539,1.2079112
me,2022-06-25,15.7820154,1.8580324
mi,2022-06-25,13.5327917,0.7624261
mn,2022-06-25,13.9868852,1.1705931
mo,2022-06-25,16.0399597,1.1519126
ms,2022-06-25,13.497589,1.5912944
mt,2022-06-25,16.7467423,2.2080422
nc,2022-06-25,12.637854,0.8270778
nd,2022-06-25,14.8546799,3.1181387
ne,2022-06-25,12.8892781,1.7211578
nh,2022-06-25,11.5287945,1.8168274
nj,2022-06-25,11.6413385,1.0111769
nm,2022-06-25,15.6861184,1.6357267
nv,2022-06-25,11.6245657,1.6052975
ny,2022-06-25,13.5493615,0.7205664
oh,2022-06-25,15.676772,0.8356537
ok,2022-06-25,16.5910282,1.566661
or,2022-06-25,17.8528779,1.3096829
pa,2022-06-25,12.6394048,0.7298295
ri,2022-06-25,20.1464604,3.2426815
sc,2022-06-25,11.327737,1.0202386
sd,2022-06-25,11.8019354,2.2977892
tn,2022-06-25,15.4253989,1.0958707
tx,2022-06-25,13.1854196,0.5829638
ut,2022-06-25,14.2566397,1.6006834
va,2022-06-25,13.1155769,0.8976184
vt,2022-06-25,10.6264661,2.5078987
wa,2022-06-25,17.4376748,0.9909895
wi,2022-06-25,12.1553625,1.0060393
wv,2022-06-25,13.9266494,1.7398405
wy,2022-06-25,15.4242151,3.2309302
